gene_id	gene_symbol	ensg	hgnc_id	disease_term_id	disease_name	matching_hpo_terms	modes_of_inheritance	mode_of_inheritance_curies	classifications	evidence_sources	source_evidence	assertion_count
8254	ABCD4	ENSG00000119688	HGNC:68	MONDO:0013925	methylmalonic acidemia with homocystinuria, type cblJ	[{'label': 'Decreased total neutrophil count', 'term_id': 'HP:0001875'}]	['AR', 'Autosomal recessive']	['HP:0000007']	['Moderate', 'Strong']	['Ambry Genetics', 'ClinGen', 'G2P', 'Labcorp Genetics (formerly Invitae)', 'Orphanet', 'PanelApp Australia']	[{'source': 'Orphanet'}, {'moi': 'AR', 'source': 'ClinGen', 'classification': 'Moderate', 'classification_scheme': 'ClinGen Gene-Disease Validity'}, {'moi': 'Autosomal recessive', 'source': 'Ambry Genetics', 'moi_curie': 'HP:0000007', 'classification': 'Moderate', 'classification_scheme': 'GenCC gene-disease validity classification'}, {'moi': 'Autosomal recessive', 'source': 'G2P', 'moi_curie': 'HP:0000007', 'classification': 'Strong', 'classification_scheme': 'GenCC gene-disease validity classification'}, {'moi': 'Autosomal recessive', 'source': 'Labcorp Genetics (formerly Invitae)', 'moi_curie': 'HP:0000007', 'classification': 'Strong', 'classification_scheme': 'GenCC gene-disease validity classification'}, {'moi': 'Autosomal recessive', 'source': 'PanelApp Australia', 'moi_curie': 'HP:0000007', 'classification': 'Strong', 'classification_scheme': 'GenCC gene-disease validity classification'}]	6
8408	ACP5	ENSG00000102575	HGNC:124	MONDO:0011939	Spondyloenchondrodysplasia with immune dysregulation	[{'label': 'Decreased total neutrophil count', 'term_id': 'HP:0001875'}]	['Autosomal recessive']	['HP:0000007']	['Definitive', 'Strong']	['G2P', 'Labcorp Genetics (formerly Invitae)', 'Orphanet', 'PanelApp Australia']	[{'source': 'Orphanet'}, {'moi': 'Autosomal recessive', 'source': 'G2P', 'moi_curie': 'HP:0000007', 'classification': 'Definitive', 'classification_scheme': 'GenCC gene-disease validity classification'}, {'moi': 'Autosomal recessive', 'source': 'Labcorp Genetics (formerly Invitae)', 'moi_curie': 'HP:0000007', 'classification': 'Strong', 'classification_scheme': 'GenCC gene-disease validity classification'}, {'moi': 'Autosomal recessive', 'source': 'PanelApp Australia', 'moi_curie': 'HP:0000007', 'classification': 'Strong', 'classification_scheme': 'GenCC gene-disease validity classification'}]	4
8726	ADIPOQ	ENSG00000181092	HGNC:13633	MONDO:0014414	STAT3-related early-onset multisystem autoimmune disease	[{'label': 'Autoimmune neutropenia', 'term_id': 'HP:0001904'}]	['Unknown']	['HP:0000005']	['Limited']	['Labcorp Genetics (formerly Invitae)']	[{'moi': 'Unknown', 'source': 'Labcorp Genetics (formerly Invitae)', 'moi_curie': 'HP:0000005', 'classification': 'Limited', 'classification_scheme': 'GenCC gene-disease validity classification'}]	1
8805	AGA	ENSG00000038002	HGNC:318	MONDO:0008830	aspartylglucosaminuria	[{'label': 'Decreased total neutrophil count', 'term_id': 'HP:0001875'}]	['AR', 'Autosomal recessive']	['HP:0000007']	['Definitive', 'Strong']	"['ClinGen', 'G2P', 'Genomics England PanelApp', 'Labcorp Genetics (formerly Invitae)', ""Myriad Women's Health"", 'Natera', 'Orphanet', 'PanelApp Australia']"	"[{'source': 'Orphanet'}, {'moi': 'AR', 'source': 'ClinGen', 'classification': 'Definitive', 'classification_scheme': 'ClinGen Gene-Disease Validity'}, {'moi': 'Autosomal recessive', 'source': 'G2P', 'moi_curie': 'HP:0000007', 'classification': 'Definitive', 'classification_scheme': 'GenCC gene-disease validity classification'}, {'moi': 'Autosomal recessive', 'source': 'Genomics England PanelApp', 'moi_curie': 'HP:0000007', 'classification': 'Strong', 'classification_scheme': 'GenCC gene-disease validity classification'}, {'moi': 'Autosomal recessive', 'source': 'Labcorp Genetics (formerly Invitae)', 'moi_curie': 'HP:0000007', 'classification': 'Strong', 'classification_scheme': 'GenCC gene-disease validity classification'}, {'moi': 'Autosomal recessive', 'source': ""Myriad Women's Health"", 'moi_curie': 'HP:0000007', 'classification': 'Definitive', 'classification_scheme': 'GenCC gene-disease validity classification'}, {'moi': 'Autosomal recessive', 'source': 'Natera', 'moi_curie': 'HP:0000007', 'classification': 'Definitive', 'classification_scheme': 'GenCC gene-disease validity classification'}, {'moi': 'Autosomal recessive', 'source': 'PanelApp Australia', 'moi_curie': 'HP:0000007', 'classification': 'Strong', 'classification_scheme': 'GenCC gene-disease validity classification'}]"	8
19153	AP3B1	ENSG00000132842	HGNC:566	MONDO:0011997	Hermansky-Pudlak syndrome 2	[{'label': 'Decreased total neutrophil count', 'term_id': 'HP:0001875'}]	['AR', 'Autosomal recessive']	['HP:0000007']	['Definitive', 'Strong']	['ClinGen', 'G2P', 'Labcorp Genetics (formerly Invitae)', 'Orphanet', 'PanelApp Australia']	[{'source': 'Orphanet'}, {'moi': 'AR', 'source': 'ClinGen', 'classification': 'Definitive', 'classification_scheme': 'ClinGen Gene-Disease Validity'}, {'moi': 'Autosomal recessive', 'source': 'G2P', 'moi_curie': 'HP:0000007', 'classification': 'Definitive', 'classification_scheme': 'GenCC gene-disease validity classification'}, {'moi': 'Autosomal recessive', 'source': 'Labcorp Genetics (formerly Invitae)', 'moi_curie': 'HP:0000007', 'classification': 'Strong', 'classification_scheme': 'GenCC gene-disease validity classification'}, {'moi': 'Autosomal recessive', 'source': 'PanelApp Australia', 'moi_curie': 'HP:0000007', 'classification': 'Strong', 'classification_scheme': 'GenCC gene-disease validity classification'}]	5
19155	AP3D1	ENSG00000065000	HGNC:568	MONDO:0014885	Hermansky-Pudlak syndrome 10	[{'label': 'Decreased total neutrophil count', 'term_id': 'HP:0001875'}]	['AR', 'Autosomal recessive', 'Unknown']	['HP:0000005', 'HP:0000007']	['Limited', 'Moderate', 'Strong']	['Ambry Genetics', 'ClinGen', 'Labcorp Genetics (formerly Invitae)', 'Orphanet', 'PanelApp Australia']	[{'source': 'Orphanet'}, {'moi': 'AR', 'source': 'ClinGen', 'classification': 'Moderate', 'classification_scheme': 'ClinGen Gene-Disease Validity'}, {'moi': 'Autosomal recessive', 'source': 'Ambry Genetics', 'moi_curie': 'HP:0000007', 'classification': 'Moderate', 'classification_scheme': 'GenCC gene-disease validity classification'}, {'moi': 'Autosomal recessive', 'source': 'PanelApp Australia', 'moi_curie': 'HP:0000007', 'classification': 'Strong', 'classification_scheme': 'GenCC gene-disease validity classification'}, {'moi': 'Unknown', 'source': 'Labcorp Genetics (formerly Invitae)', 'moi_curie': 'HP:0000005', 'classification': 'Limited', 'classification_scheme': 'GenCC gene-disease validity classification'}]	5
29977	BLNK	ENSG00000095585	HGNC:14211	MONDO:0013289	agammaglobulinemia 4, autosomal recessive	[{'label': 'Decreased total neutrophil count', 'term_id': 'HP:0001875'}]	['AR', 'Autosomal recessive']	['HP:0000007']	['Definitive', 'Moderate', 'Strong']	['Ambry Genetics', 'ClinGen', 'Labcorp Genetics (formerly Invitae)', 'LiferaOmics', 'PanelApp Australia']	[{'moi': 'AR', 'source': 'ClinGen', 'classification': 'Definitive', 'classification_scheme': 'ClinGen Gene-Disease Validity'}, {'moi': 'Autosomal recessive', 'source': 'Ambry Genetics', 'moi_curie': 'HP:0000007', 'classification': 'Moderate', 'classification_scheme': 'GenCC gene-disease validity classification'}, {'moi': 'Autosomal recessive', 'source': 'Labcorp Genetics (formerly Invitae)', 'moi_curie': 'HP:0000007', 'classification': 'Strong', 'classification_scheme': 'GenCC gene-disease validity classification'}, {'moi': 'Autosomal recessive', 'source': 'LiferaOmics', 'moi_curie': 'HP:0000007', 'classification': 'Definitive', 'classification_scheme': 'GenCC gene-disease validity classification'}, {'moi': 'Autosomal recessive', 'source': 'PanelApp Australia', 'moi_curie': 'HP:0000007', 'classification': 'Strong', 'classification_scheme': 'GenCC gene-disease validity classification'}]	5
30308	BTK	ENSG00000010671	HGNC:1133	MONDO:0010421	Bruton-type agammaglobulinemia	[{'label': 'Decreased total neutrophil count', 'term_id': 'HP:0001875'}]	['XL', 'X-linked']	['HP:0001417']	['Definitive', 'Strong']	"['ClinGen', ""Myriad Women's Health"", 'Orphanet', 'PanelApp Australia']"	"[{'source': 'Orphanet'}, {'moi': 'XL', 'source': 'ClinGen', 'classification': 'Definitive', 'classification_scheme': 'ClinGen Gene-Disease Validity'}, {'moi': 'X-linked', 'source': ""Myriad Women's Health"", 'moi_curie': 'HP:0001417', 'classification': 'Definitive', 'classification_scheme': 'GenCC gene-disease validity classification'}, {'moi': 'X-linked', 'source': 'PanelApp Australia', 'moi_curie': 'HP:0001417', 'classification': 'Strong', 'classification_scheme': 'GenCC gene-disease validity classification'}]"	4
39909	C1GALT1C1	ENSG00000171155	HGNC:24338	MONDO:0957495	hemolytic uremic syndrome, atypical, 8, with rhizomelic short stature	[{'label': 'Decreased total neutrophil count', 'term_id': 'HP:0001875'}]	['XL', 'X-linked']	['HP:0001417']	['Limited']	['Ambry Genetics', 'ClinGen']	[{'moi': 'XL', 'source': 'ClinGen', 'classification': 'Limited', 'classification_scheme': 'ClinGen Gene-Disease Validity'}, {'moi': 'X-linked', 'source': 'Ambry Genetics', 'moi_curie': 'HP:0001417', 'classification': 'Limited', 'classification_scheme': 'GenCC gene-disease validity classification'}]	2
40387	CAMK2B	ENSG00000058404	HGNC:1461	MONDO:0030920	intellectual disability, autosomal dominant 54	[{'label': 'Decreased total neutrophil count', 'term_id': 'HP:0001875'}]	['Autosomal dominant']	['HP:0000006']	['Strong']	['G2P', 'Labcorp Genetics (formerly Invitae)']	[{'moi': 'Autosomal dominant', 'source': 'G2P', 'moi_curie': 'HP:0000006', 'classification': 'Strong', 'classification_scheme': 'GenCC gene-disease validity classification'}, {'moi': 'Autosomal dominant', 'source': 'Labcorp Genetics (formerly Invitae)', 'moi_curie': 'HP:0000006', 'classification': 'Strong', 'classification_scheme': 'GenCC gene-disease validity classification'}]	2
40531	CASP10	ENSG00000003400	HGNC:1500	MONDO:0011383	autoimmune lymphoproliferative syndrome type 2A	[{'label': 'Autoimmune neutropenia', 'term_id': 'HP:0001904'}]	['AD', 'Autosomal dominant', 'Unknown']	['HP:0000005', 'HP:0000006']	['Limited', 'Strong']	['ClinGen', 'G2P', 'Labcorp Genetics (formerly Invitae)']	[{'moi': 'AD', 'source': 'ClinGen', 'classification': 'Limited', 'classification_scheme': 'ClinGen Gene-Disease Validity'}, {'moi': 'Autosomal dominant', 'source': 'G2P', 'moi_curie': 'HP:0000006', 'classification': 'Strong', 'classification_scheme': 'GenCC gene-disease validity classification'}, {'moi': 'Unknown', 'source': 'Labcorp Genetics (formerly Invitae)', 'moi_curie': 'HP:0000005', 'classification': 'Limited', 'classification_scheme': 'GenCC gene-disease validity classification'}]	3
48410	CD40	ENSG00000101017	HGNC:11919	MONDO:0011735	hyper-IgM syndrome type 3	[{'label': 'Decreased total neutrophil count', 'term_id': 'HP:0001875'}]	['AR', 'Autosomal recessive']	['HP:0000007']	['Definitive', 'Moderate', 'Strong']	['Ambry Genetics', 'ClinGen', 'Labcorp Genetics (formerly Invitae)', 'Orphanet']	[{'source': 'Orphanet'}, {'moi': 'AR', 'source': 'ClinGen', 'classification': 'Definitive', 'classification_scheme': 'ClinGen Gene-Disease Validity'}, {'moi': 'Autosomal recessive', 'source': 'Ambry Genetics', 'moi_curie': 'HP:0000007', 'classification': 'Moderate', 'classification_scheme': 'GenCC gene-disease validity classification'}, {'moi': 'Autosomal recessive', 'source': 'Labcorp Genetics (formerly Invitae)', 'moi_curie': 'HP:0000007', 'classification': 'Strong', 'classification_scheme': 'GenCC gene-disease validity classification'}]	4
48411	CD40LG	ENSG00000102245	HGNC:11935	MONDO:0010626	hyper-IgM syndrome type 1	[{'label': 'Decreased total neutrophil count', 'term_id': 'HP:0001875'}]	['XL', 'X-linked']	['HP:0001417']	['Definitive', 'Strong']	['Ambry Genetics', 'ClinGen', 'Labcorp Genetics (formerly Invitae)', 'Orphanet']	[{'source': 'Orphanet'}, {'moi': 'XL', 'source': 'ClinGen', 'classification': 'Definitive', 'classification_scheme': 'ClinGen Gene-Disease Validity'}, {'moi': 'X-linked', 'source': 'Ambry Genetics', 'moi_curie': 'HP:0001417', 'classification': 'Definitive', 'classification_scheme': 'GenCC gene-disease validity classification'}, {'moi': 'X-linked', 'source': 'Labcorp Genetics (formerly Invitae)', 'moi_curie': 'HP:0001417', 'classification': 'Strong', 'classification_scheme': 'GenCC gene-disease validity classification'}]	4
48431	CD79A	ENSG00000105369	HGNC:1698	MONDO:0013288	agammaglobulinemia 3, autosomal recessive	[{'label': 'Decreased total neutrophil count', 'term_id': 'HP:0001875'}]	['AR', 'Autosomal recessive']	['HP:0000007']	['Definitive', 'Strong']	['Ambry Genetics', 'ClinGen', 'Labcorp Genetics (formerly Invitae)']	[{'moi': 'AR', 'source': 'ClinGen', 'classification': 'Definitive', 'classification_scheme': 'ClinGen Gene-Disease Validity'}, {'moi': 'Autosomal recessive', 'source': 'Ambry Genetics', 'moi_curie': 'HP:0000007', 'classification': 'Strong', 'classification_scheme': 'GenCC gene-disease validity classification'}, {'moi': 'Autosomal recessive', 'source': 'Labcorp Genetics (formerly Invitae)', 'moi_curie': 'HP:0000007', 'classification': 'Strong', 'classification_scheme': 'GenCC gene-disease validity classification'}]	3
48525	CDC40	ENSG00000168438	HGNC:17350	MONDO:0030259	pontocerebellar hypoplasia, type 15	[{'label': 'Persistently decreased total neutrophil count', 'term_id': 'HP:0410252'}]	['Autosomal recessive', 'Unknown']	['HP:0000005', 'HP:0000007']	['Limited']	['G2P', 'Labcorp Genetics (formerly Invitae)']	[{'moi': 'Autosomal recessive', 'source': 'G2P', 'moi_curie': 'HP:0000007', 'classification': 'Limited', 'classification_scheme': 'GenCC gene-disease validity classification'}, {'moi': 'Unknown', 'source': 'Labcorp Genetics (formerly Invitae)', 'moi_curie': 'HP:0000005', 'classification': 'Limited', 'classification_scheme': 'GenCC gene-disease validity classification'}]	2
49513	CLPB	ENSG00000162129	HGNC:30664	MONDO:0014561	3-methylglutaconic aciduria, type VIIB	[{'label': 'Decreased total neutrophil count', 'term_id': 'HP:0001875'}]	['Autosomal recessive']	['HP:0000007']	['Definitive', 'Strong']	['Ambry Genetics', 'G2P', 'Labcorp Genetics (formerly Invitae)', 'Orphanet']	[{'source': 'Orphanet'}, {'moi': 'Autosomal recessive', 'source': 'Ambry Genetics', 'moi_curie': 'HP:0000007', 'classification': 'Strong', 'classification_scheme': 'GenCC gene-disease validity classification'}, {'moi': 'Autosomal recessive', 'source': 'G2P', 'moi_curie': 'HP:0000007', 'classification': 'Definitive', 'classification_scheme': 'GenCC gene-disease validity classification'}, {'moi': 'Autosomal recessive', 'source': 'Labcorp Genetics (formerly Invitae)', 'moi_curie': 'HP:0000007', 'classification': 'Strong', 'classification_scheme': 'GenCC gene-disease validity classification'}]	4
49723	COG4	ENSG00000103051	HGNC:18620	MONDO:0019407	microcephalic osteodysplastic dysplasia, Saul-Wilson type	[{'label': 'Decreased total neutrophil count', 'term_id': 'HP:0001875'}]	['Autosomal dominant']	['HP:0000006']	['Definitive', 'Moderate', 'Strong']	['Ambry Genetics', 'ClinGen', 'G2P', 'Labcorp Genetics (formerly Invitae)', 'Orphanet']	[{'source': 'Orphanet'}, {'moi': 'Autosomal dominant', 'source': 'Ambry Genetics', 'moi_curie': 'HP:0000006', 'classification': 'Moderate', 'classification_scheme': 'GenCC gene-disease validity classification'}, {'moi': 'Autosomal dominant', 'source': 'ClinGen', 'moi_curie': 'HP:0000006', 'classification': 'Definitive', 'classification_scheme': 'GenCC gene-disease validity classification'}, {'moi': 'Autosomal dominant', 'source': 'G2P', 'moi_curie': 'HP:0000006', 'classification': 'Strong', 'classification_scheme': 'GenCC gene-disease validity classification'}, {'moi': 'Autosomal dominant', 'source': 'Labcorp Genetics (formerly Invitae)', 'moi_curie': 'HP:0000006', 'classification': 'Strong', 'classification_scheme': 'GenCC gene-disease validity classification'}]	5
50099	CRELD1	ENSG00000163703	HGNC:14630	MONDO:0958329	Jeffries-Lakhani neurodevelopmental syndrome	[{'label': 'Decreased total neutrophil count', 'term_id': 'HP:0001875'}]	['Autosomal recessive']	['HP:0000007']	['Moderate']	['G2P']	[{'moi': 'Autosomal recessive', 'source': 'G2P', 'moi_curie': 'HP:0000007', 'classification': 'Moderate', 'classification_scheme': 'GenCC gene-disease validity classification'}]	1
50215	CSF3	ENSG00000108342	HGNC:2438	MONDO:0014865	autosomal recessive severe congenital neutropenia due to CSF3R deficiency	[{'label': 'Decreased total neutrophil count', 'term_id': 'HP:0001875'}]	['Autosomal recessive']	['HP:0000007']	['Moderate']	['LiferaOmics']	[{'moi': 'Autosomal recessive', 'source': 'LiferaOmics', 'moi_curie': 'HP:0000007', 'classification': 'Moderate', 'classification_scheme': 'GenCC gene-disease validity classification'}]	1
50216	CSF3R	ENSG00000119535	HGNC:2439	MONDO:0014865	autosomal recessive severe congenital neutropenia due to CSF3R deficiency	[{'label': 'Decreased total neutrophil count', 'term_id': 'HP:0001875'}]	['Autosomal recessive']	['HP:0000007']	['Strong']	['Ambry Genetics', 'Labcorp Genetics (formerly Invitae)', 'Orphanet']	[{'source': 'Orphanet'}, {'moi': 'Autosomal recessive', 'source': 'Ambry Genetics', 'moi_curie': 'HP:0000007', 'classification': 'Strong', 'classification_scheme': 'GenCC gene-disease validity classification'}, {'moi': 'Autosomal recessive', 'source': 'Labcorp Genetics (formerly Invitae)', 'moi_curie': 'HP:0000007', 'classification': 'Strong', 'classification_scheme': 'GenCC gene-disease validity classification'}]	3
50516	CXCR2	ENSG00000180871	HGNC:6027	MONDO:0030374	WHIM syndrome 2	[{'label': 'Persistently decreased total neutrophil count', 'term_id': 'HP:0410252'}]	['Autosomal recessive']	['HP:0000007']	['Strong']	['Labcorp Genetics (formerly Invitae)']	[{'moi': 'Autosomal recessive', 'source': 'Labcorp Genetics (formerly Invitae)', 'moi_curie': 'HP:0000007', 'classification': 'Strong', 'classification_scheme': 'GenCC gene-disease validity classification'}]	1
50519	CXCR4	ENSG00000121966	HGNC:2561	MONDO:8000006	WHIM syndrome 1	[{'label': 'Decreased total neutrophil count', 'term_id': 'HP:0001875'}]	['Autosomal dominant']	['HP:0000006']	['Definitive', 'Strong']	['G2P', 'Labcorp Genetics (formerly Invitae)', 'Orphanet']	[{'source': 'Orphanet'}, {'moi': 'Autosomal dominant', 'source': 'G2P', 'moi_curie': 'HP:0000006', 'classification': 'Definitive', 'classification_scheme': 'GenCC gene-disease validity classification'}, {'moi': 'Autosomal dominant', 'source': 'Labcorp Genetics (formerly Invitae)', 'moi_curie': 'HP:0000006', 'classification': 'Strong', 'classification_scheme': 'GenCC gene-disease validity classification'}]	3
51514	DNAJC21	ENSG00000168724	HGNC:27030	MONDO:0014887	bone marrow failure syndrome 3	[{'label': 'Decreased total neutrophil count', 'term_id': 'HP:0001875'}]	['AR', 'Autosomal recessive']	['HP:0000007']	['Definitive', 'Moderate', 'Strong']	['Ambry Genetics', 'ClinGen', 'Labcorp Genetics (formerly Invitae)', 'PanelApp Australia']	[{'moi': 'AR', 'source': 'ClinGen', 'classification': 'Definitive', 'classification_scheme': 'ClinGen Gene-Disease Validity'}, {'moi': 'Autosomal recessive', 'source': 'Ambry Genetics', 'moi_curie': 'HP:0000007', 'classification': 'Moderate', 'classification_scheme': 'GenCC gene-disease validity classification'}, {'moi': 'Autosomal recessive', 'source': 'Labcorp Genetics (formerly Invitae)', 'moi_curie': 'HP:0000007', 'classification': 'Strong', 'classification_scheme': 'GenCC gene-disease validity classification'}, {'moi': 'Autosomal recessive', 'source': 'PanelApp Australia', 'moi_curie': 'HP:0000007', 'classification': 'Strong', 'classification_scheme': 'GenCC gene-disease validity classification'}]	4
51612	DOCK11	ENSG00000147251	HGNC:23483	MONDO:0957494	autoinflammatory disease, multisystem, with immune dysregulation, X-linked	[{'label': 'Autoimmune neutropenia', 'term_id': 'HP:0001904'}]	['XL', 'X-linked']	['HP:0001417']	['Limited', 'Strong']	['Ambry Genetics', 'ClinGen', 'PanelApp Australia']	[{'moi': 'XL', 'source': 'ClinGen', 'classification': 'Strong', 'classification_scheme': 'ClinGen Gene-Disease Validity'}, {'moi': 'X-linked', 'source': 'Ambry Genetics', 'moi_curie': 'HP:0001417', 'classification': 'Limited', 'classification_scheme': 'GenCC gene-disease validity classification'}, {'moi': 'X-linked', 'source': 'PanelApp Australia', 'moi_curie': 'HP:0001417', 'classification': 'Strong', 'classification_scheme': 'GenCC gene-disease validity classification'}]	3
52224	EFL1	ENSG00000140598	HGNC:25789	MONDO:0044205	Shwachman-Diamond syndrome 2	[{'label': 'Decreased total neutrophil count', 'term_id': 'HP:0001875'}]	['Autosomal recessive']	['HP:0000007']	['Definitive', 'Moderate', 'Strong']	['Ambry Genetics', 'ClinGen', 'PanelApp Australia']	[{'moi': 'Autosomal recessive', 'source': 'Ambry Genetics', 'moi_curie': 'HP:0000007', 'classification': 'Moderate', 'classification_scheme': 'GenCC gene-disease validity classification'}, {'moi': 'Autosomal recessive', 'source': 'ClinGen', 'moi_curie': 'HP:0000007', 'classification': 'Definitive', 'classification_scheme': 'GenCC gene-disease validity classification'}, {'moi': 'Autosomal recessive', 'source': 'PanelApp Australia', 'moi_curie': 'HP:0000007', 'classification': 'Strong', 'classification_scheme': 'GenCC gene-disease validity classification'}]	3
52448	ELANE	ENSG00000197561	HGNC:3309	MONDO:0008090	cyclic hematopoiesis	[{'label': 'Cyclically decreased total neutrophil count', 'term_id': 'HP:0040289'}]	['Autosomal dominant']	['HP:0000006']	['Strong']	['Labcorp Genetics (formerly Invitae)', 'Orphanet']	[{'source': 'Orphanet'}, {'moi': 'Autosomal dominant', 'source': 'Labcorp Genetics (formerly Invitae)', 'moi_curie': 'HP:0000006', 'classification': 'Strong', 'classification_scheme': 'GenCC gene-disease validity classification'}]	2
52722	EPG5	ENSG00000152223	HGNC:29331	MONDO:0009452	Vici syndrome	[{'label': 'Decreased total neutrophil count', 'term_id': 'HP:0001875'}]	['AR', 'Autosomal recessive']	['HP:0000007']	['Definitive', 'Strong']	['Ambry Genetics', 'ClinGen', 'G2P', 'Labcorp Genetics (formerly Invitae)', 'Orphanet', 'PanelApp Australia']	[{'source': 'Orphanet'}, {'moi': 'AR', 'source': 'ClinGen', 'classification': 'Definitive', 'classification_scheme': 'ClinGen Gene-Disease Validity'}, {'moi': 'Autosomal recessive', 'source': 'Ambry Genetics', 'moi_curie': 'HP:0000007', 'classification': 'Definitive', 'classification_scheme': 'GenCC gene-disease validity classification'}, {'moi': 'Autosomal recessive', 'source': 'Ambry Genetics', 'moi_curie': 'HP:0000007', 'classification': 'Strong', 'classification_scheme': 'GenCC gene-disease validity classification'}, {'moi': 'Autosomal recessive', 'source': 'G2P', 'moi_curie': 'HP:0000007', 'classification': 'Definitive', 'classification_scheme': 'GenCC gene-disease validity classification'}, {'moi': 'Autosomal recessive', 'source': 'Labcorp Genetics (formerly Invitae)', 'moi_curie': 'HP:0000007', 'classification': 'Strong', 'classification_scheme': 'GenCC gene-disease validity classification'}, {'moi': 'Autosomal recessive', 'source': 'PanelApp Australia', 'moi_curie': 'HP:0000007', 'classification': 'Strong', 'classification_scheme': 'GenCC gene-disease validity classification'}]	7
9182	ETV6	ENSG00000139083	HGNC:3495	MONDO:0014536	thrombocytopenia 5	[{'label': 'Decreased total neutrophil count', 'term_id': 'HP:0001875'}]	['AD', 'Autosomal dominant']	['HP:0000006']	['Definitive', 'Strong']	['Ambry Genetics', 'ClinGen', 'Labcorp Genetics (formerly Invitae)', 'PanelApp Australia']	[{'moi': 'AD', 'source': 'ClinGen', 'classification': 'Definitive', 'classification_scheme': 'ClinGen Gene-Disease Validity'}, {'moi': 'Autosomal dominant', 'source': 'Ambry Genetics', 'moi_curie': 'HP:0000006', 'classification': 'Definitive', 'classification_scheme': 'GenCC gene-disease validity classification'}, {'moi': 'Autosomal dominant', 'source': 'Labcorp Genetics (formerly Invitae)', 'moi_curie': 'HP:0000006', 'classification': 'Strong', 'classification_scheme': 'GenCC gene-disease validity classification'}, {'moi': 'Autosomal dominant', 'source': 'PanelApp Australia', 'moi_curie': 'HP:0000006', 'classification': 'Strong', 'classification_scheme': 'GenCC gene-disease validity classification'}]	4
9227	EXOC3L2	ENSG00000283632	HGNC:30162	MONDO:0975799	brain malformation renal syndrome	[{'label': 'Decreased total neutrophil count', 'term_id': 'HP:0001875'}]	['Autosomal recessive']	['HP:0000007']	['Strong']	['PanelApp Australia']	[{'moi': 'Autosomal recessive', 'source': 'PanelApp Australia', 'moi_curie': 'HP:0000007', 'classification': 'Strong', 'classification_scheme': 'GenCC gene-disease validity classification'}]	1
9734	FANCA	ENSG00000187741	HGNC:3582	MONDO:0009215	Fanconi anemia complementation group A	[{'label': 'Decreased total neutrophil count', 'term_id': 'HP:0001875'}]	['AR', 'Autosomal recessive']	['HP:0000007']	['Definitive', 'Strong']	"['Ambry Genetics', 'ClinGen', 'G2P', 'Labcorp Genetics (formerly Invitae)', 'Laboratory for Molecular Medicine', ""Myriad Women's Health"", 'Natera', 'PanelApp Australia']"	"[{'moi': 'AR', 'source': 'ClinGen', 'classification': 'Definitive', 'classification_scheme': 'ClinGen Gene-Disease Validity'}, {'moi': 'Autosomal recessive', 'source': 'Ambry Genetics', 'moi_curie': 'HP:0000007', 'classification': 'Definitive', 'classification_scheme': 'GenCC gene-disease validity classification'}, {'moi': 'Autosomal recessive', 'source': 'G2P', 'moi_curie': 'HP:0000007', 'classification': 'Definitive', 'classification_scheme': 'GenCC gene-disease validity classification'}, {'moi': 'Autosomal recessive', 'source': 'Labcorp Genetics (formerly Invitae)', 'moi_curie': 'HP:0000007', 'classification': 'Strong', 'classification_scheme': 'GenCC gene-disease validity classification'}, {'moi': 'Autosomal recessive', 'source': 'Laboratory for Molecular Medicine', 'moi_curie': 'HP:0000007', 'classification': 'Strong', 'classification_scheme': 'GenCC gene-disease validity classification'}, {'moi': 'Autosomal recessive', 'source': ""Myriad Women's Health"", 'moi_curie': 'HP:0000007', 'classification': 'Definitive', 'classification_scheme': 'GenCC gene-disease validity classification'}, {'moi': 'Autosomal recessive', 'source': 'Natera', 'moi_curie': 'HP:0000007', 'classification': 'Definitive', 'classification_scheme': 'GenCC gene-disease validity classification'}, {'moi': 'Autosomal recessive', 'source': 'PanelApp Australia', 'moi_curie': 'HP:0000007', 'classification': 'Strong', 'classification_scheme': 'GenCC gene-disease validity classification'}]"	8
9736	FANCC	ENSG00000158169	HGNC:3584	MONDO:0009213	Fanconi anemia complementation group C	[{'label': 'Decreased total neutrophil count', 'term_id': 'HP:0001875'}]	['AR', 'Autosomal recessive']	['HP:0000007']	['Definitive', 'Strong']	"['ClinGen', 'G2P', 'Labcorp Genetics (formerly Invitae)', ""Myriad Women's Health"", 'Natera', 'PanelApp Australia']"	"[{'moi': 'AR', 'source': 'ClinGen', 'classification': 'Definitive', 'classification_scheme': 'ClinGen Gene-Disease Validity'}, {'moi': 'Autosomal recessive', 'source': 'G2P', 'moi_curie': 'HP:0000007', 'classification': 'Definitive', 'classification_scheme': 'GenCC gene-disease validity classification'}, {'moi': 'Autosomal recessive', 'source': 'Labcorp Genetics (formerly Invitae)', 'moi_curie': 'HP:0000007', 'classification': 'Strong', 'classification_scheme': 'GenCC gene-disease validity classification'}, {'moi': 'Autosomal recessive', 'source': ""Myriad Women's Health"", 'moi_curie': 'HP:0000007', 'classification': 'Definitive', 'classification_scheme': 'GenCC gene-disease validity classification'}, {'moi': 'Autosomal recessive', 'source': 'Natera', 'moi_curie': 'HP:0000007', 'classification': 'Definitive', 'classification_scheme': 'GenCC gene-disease validity classification'}, {'moi': 'Autosomal recessive', 'source': 'PanelApp Australia', 'moi_curie': 'HP:0000007', 'classification': 'Strong', 'classification_scheme': 'GenCC gene-disease validity classification'}]"	6
9737	FANCD2	ENSG00000144554	HGNC:3585	MONDO:0009214	Fanconi anemia complementation group D2	[{'label': 'Decreased total neutrophil count', 'term_id': 'HP:0001875'}]	['AR', 'Autosomal recessive']	['HP:0000007']	['Definitive', 'Strong']	['Ambry Genetics', 'ClinGen', 'G2P', 'Labcorp Genetics (formerly Invitae)', 'PanelApp Australia']	[{'moi': 'AR', 'source': 'ClinGen', 'classification': 'Definitive', 'classification_scheme': 'ClinGen Gene-Disease Validity'}, {'moi': 'Autosomal recessive', 'source': 'Ambry Genetics', 'moi_curie': 'HP:0000007', 'classification': 'Definitive', 'classification_scheme': 'GenCC gene-disease validity classification'}, {'moi': 'Autosomal recessive', 'source': 'G2P', 'moi_curie': 'HP:0000007', 'classification': 'Definitive', 'classification_scheme': 'GenCC gene-disease validity classification'}, {'moi': 'Autosomal recessive', 'source': 'Labcorp Genetics (formerly Invitae)', 'moi_curie': 'HP:0000007', 'classification': 'Strong', 'classification_scheme': 'GenCC gene-disease validity classification'}, {'moi': 'Autosomal recessive', 'source': 'PanelApp Australia', 'moi_curie': 'HP:0000007', 'classification': 'Strong', 'classification_scheme': 'GenCC gene-disease validity classification'}]	5
9741	FANCE	ENSG00000112039	HGNC:3586	MONDO:0010953	Fanconi anemia complementation group E	[{'label': 'Decreased total neutrophil count', 'term_id': 'HP:0001875'}]	['AR', 'Autosomal recessive']	['HP:0000007']	['Definitive', 'Strong']	['ClinGen', 'G2P', 'Labcorp Genetics (formerly Invitae)', 'PanelApp Australia']	[{'moi': 'AR', 'source': 'ClinGen', 'classification': 'Definitive', 'classification_scheme': 'ClinGen Gene-Disease Validity'}, {'moi': 'Autosomal recessive', 'source': 'G2P', 'moi_curie': 'HP:0000007', 'classification': 'Definitive', 'classification_scheme': 'GenCC gene-disease validity classification'}, {'moi': 'Autosomal recessive', 'source': 'Labcorp Genetics (formerly Invitae)', 'moi_curie': 'HP:0000007', 'classification': 'Strong', 'classification_scheme': 'GenCC gene-disease validity classification'}, {'moi': 'Autosomal recessive', 'source': 'PanelApp Australia', 'moi_curie': 'HP:0000007', 'classification': 'Strong', 'classification_scheme': 'GenCC gene-disease validity classification'}]	4
9743	FANCG	ENSG00000221829	HGNC:3588	MONDO:0013565	Fanconi anemia complementation group G	[{'label': 'Decreased total neutrophil count', 'term_id': 'HP:0001875'}]	['AR', 'Autosomal recessive']	['HP:0000007']	['Definitive', 'Strong']	['ClinGen', 'G2P', 'Labcorp Genetics (formerly Invitae)', 'Natera', 'PanelApp Australia']	[{'moi': 'AR', 'source': 'ClinGen', 'classification': 'Definitive', 'classification_scheme': 'ClinGen Gene-Disease Validity'}, {'moi': 'Autosomal recessive', 'source': 'G2P', 'moi_curie': 'HP:0000007', 'classification': 'Definitive', 'classification_scheme': 'GenCC gene-disease validity classification'}, {'moi': 'Autosomal recessive', 'source': 'Labcorp Genetics (formerly Invitae)', 'moi_curie': 'HP:0000007', 'classification': 'Strong', 'classification_scheme': 'GenCC gene-disease validity classification'}, {'moi': 'Autosomal recessive', 'source': 'Natera', 'moi_curie': 'HP:0000007', 'classification': 'Definitive', 'classification_scheme': 'GenCC gene-disease validity classification'}, {'moi': 'Autosomal recessive', 'source': 'PanelApp Australia', 'moi_curie': 'HP:0000007', 'classification': 'Strong', 'classification_scheme': 'GenCC gene-disease validity classification'}]	5
9744	FANCI	ENSG00000140525	HGNC:25568	MONDO:0012186	Fanconi anemia complementation group I	[{'label': 'Decreased total neutrophil count', 'term_id': 'HP:0001875'}]	['AR', 'Autosomal recessive']	['HP:0000007']	['Definitive', 'Strong']	['ClinGen', 'G2P', 'Labcorp Genetics (formerly Invitae)', 'PanelApp Australia']	[{'moi': 'AR', 'source': 'ClinGen', 'classification': 'Definitive', 'classification_scheme': 'ClinGen Gene-Disease Validity'}, {'moi': 'Autosomal recessive', 'source': 'G2P', 'moi_curie': 'HP:0000007', 'classification': 'Definitive', 'classification_scheme': 'GenCC gene-disease validity classification'}, {'moi': 'Autosomal recessive', 'source': 'Labcorp Genetics (formerly Invitae)', 'moi_curie': 'HP:0000007', 'classification': 'Strong', 'classification_scheme': 'GenCC gene-disease validity classification'}, {'moi': 'Autosomal recessive', 'source': 'PanelApp Australia', 'moi_curie': 'HP:0000007', 'classification': 'Strong', 'classification_scheme': 'GenCC gene-disease validity classification'}]	4
9768	FAS	ENSG00000026103	HGNC:11920	MONDO:0011158	autoimmune lymphoproliferative syndrome type 1	[{'label': 'Autoimmune neutropenia', 'term_id': 'HP:0001904'}]	['Autosomal dominant', 'Autosomal recessive']	['HP:0000006', 'HP:0000007']	['Definitive', 'Moderate', 'Strong']	['Ambry Genetics', 'Labcorp Genetics (formerly Invitae)']	[{'moi': 'Autosomal dominant', 'source': 'Ambry Genetics', 'moi_curie': 'HP:0000006', 'classification': 'Definitive', 'classification_scheme': 'GenCC gene-disease validity classification'}, {'moi': 'Autosomal dominant', 'source': 'Labcorp Genetics (formerly Invitae)', 'moi_curie': 'HP:0000006', 'classification': 'Strong', 'classification_scheme': 'GenCC gene-disease validity classification'}, {'moi': 'Autosomal recessive', 'source': 'Ambry Genetics', 'moi_curie': 'HP:0000007', 'classification': 'Moderate', 'classification_scheme': 'GenCC gene-disease validity classification'}]	3
9770	FASLG	ENSG00000117560	HGNC:11936	MONDO:0011158	autoimmune lymphoproliferative syndrome type 1	[{'label': 'Autoimmune neutropenia', 'term_id': 'HP:0001904'}]	['AR', 'Autosomal dominant', 'Autosomal recessive']	['HP:0000006', 'HP:0000007']	['Definitive', 'Limited', 'Strong']	['Ambry Genetics', 'ClinGen', 'Labcorp Genetics (formerly Invitae)']	[{'moi': 'AR', 'source': 'ClinGen', 'classification': 'Definitive', 'classification_scheme': 'ClinGen Gene-Disease Validity'}, {'moi': 'Autosomal dominant', 'source': 'Ambry Genetics', 'moi_curie': 'HP:0000006', 'classification': 'Limited', 'classification_scheme': 'GenCC gene-disease validity classification'}, {'moi': 'Autosomal dominant', 'source': 'Labcorp Genetics (formerly Invitae)', 'moi_curie': 'HP:0000006', 'classification': 'Limited', 'classification_scheme': 'GenCC gene-disease validity classification'}, {'moi': 'Autosomal recessive', 'source': 'Ambry Genetics', 'moi_curie': 'HP:0000007', 'classification': 'Limited', 'classification_scheme': 'GenCC gene-disease validity classification'}, {'moi': 'Autosomal recessive', 'source': 'Labcorp Genetics (formerly Invitae)', 'moi_curie': 'HP:0000007', 'classification': 'Strong', 'classification_scheme': 'GenCC gene-disease validity classification'}]	5
9814	FBXL4	ENSG00000112234	HGNC:13601	MONDO:0014198	mitochondrial DNA depletion syndrome 13	[{'label': 'Decreased total neutrophil count', 'term_id': 'HP:0001875'}]	['Autosomal recessive']	['HP:0000007']	['Definitive', 'Strong']	['G2P', 'Genomics England PanelApp', 'Labcorp Genetics (formerly Invitae)', 'Orphanet', 'PanelApp Australia']	[{'source': 'Orphanet'}, {'moi': 'Autosomal recessive', 'source': 'G2P', 'moi_curie': 'HP:0000007', 'classification': 'Definitive', 'classification_scheme': 'GenCC gene-disease validity classification'}, {'moi': 'Autosomal recessive', 'source': 'Genomics England PanelApp', 'moi_curie': 'HP:0000007', 'classification': 'Strong', 'classification_scheme': 'GenCC gene-disease validity classification'}, {'moi': 'Autosomal recessive', 'source': 'Labcorp Genetics (formerly Invitae)', 'moi_curie': 'HP:0000007', 'classification': 'Strong', 'classification_scheme': 'GenCC gene-disease validity classification'}, {'moi': 'Autosomal recessive', 'source': 'PanelApp Australia', 'moi_curie': 'HP:0000007', 'classification': 'Strong', 'classification_scheme': 'GenCC gene-disease validity classification'}]	5
9881	FBXW7	ENSG00000109670	HGNC:16712	MONDO:0859280	developmental delay, hypotonia, and impaired language	[{'label': 'Decreased total neutrophil count', 'term_id': 'HP:0001875'}]	['Autosomal dominant']	['HP:0000006']	['Moderate', 'Strong']	['Ambry Genetics', 'G2P', 'Labcorp Genetics (formerly Invitae)', 'PanelApp Australia']	[{'moi': 'Autosomal dominant', 'source': 'Ambry Genetics', 'moi_curie': 'HP:0000006', 'classification': 'Strong', 'classification_scheme': 'GenCC gene-disease validity classification'}, {'moi': 'Autosomal dominant', 'source': 'G2P', 'moi_curie': 'HP:0000006', 'classification': 'Moderate', 'classification_scheme': 'GenCC gene-disease validity classification'}, {'moi': 'Autosomal dominant', 'source': 'Labcorp Genetics (formerly Invitae)', 'moi_curie': 'HP:0000006', 'classification': 'Strong', 'classification_scheme': 'GenCC gene-disease validity classification'}, {'moi': 'Autosomal dominant', 'source': 'PanelApp Australia', 'moi_curie': 'HP:0000006', 'classification': 'Strong', 'classification_scheme': 'GenCC gene-disease validity classification'}]	4
9955	FDX2	ENSG00000267673	HGNC:30546	MONDO:0020714	mitochondrial myopathy, episodic, with optic atrophy and reversible leukoencephalopathy	[{'label': 'Decreased total neutrophil count', 'term_id': 'HP:0001875'}]	['Autosomal recessive']	['HP:0000007']	['Moderate', 'Strong']	['Ambry Genetics', 'Labcorp Genetics (formerly Invitae)']	[{'moi': 'Autosomal recessive', 'source': 'Ambry Genetics', 'moi_curie': 'HP:0000007', 'classification': 'Moderate', 'classification_scheme': 'GenCC gene-disease validity classification'}, {'moi': 'Autosomal recessive', 'source': 'Labcorp Genetics (formerly Invitae)', 'moi_curie': 'HP:0000007', 'classification': 'Strong', 'classification_scheme': 'GenCC gene-disease validity classification'}]	2
10091	FIBP	ENSG00000172500	HGNC:3705	MONDO:0014918	tall stature-intellectual disability-renal anomalies syndrome	[{'label': 'Transiently decreased total neutrophil count', 'term_id': 'HP:0410255'}]	['Autosomal recessive']	['HP:0000007']	['Moderate', 'Strong']	['G2P', 'Labcorp Genetics (formerly Invitae)', 'Orphanet', 'PanelApp Australia']	[{'source': 'Orphanet'}, {'moi': 'Autosomal recessive', 'source': 'G2P', 'moi_curie': 'HP:0000007', 'classification': 'Moderate', 'classification_scheme': 'GenCC gene-disease validity classification'}, {'moi': 'Autosomal recessive', 'source': 'Labcorp Genetics (formerly Invitae)', 'moi_curie': 'HP:0000007', 'classification': 'Strong', 'classification_scheme': 'GenCC gene-disease validity classification'}, {'moi': 'Autosomal recessive', 'source': 'PanelApp Australia', 'moi_curie': 'HP:0000007', 'classification': 'Moderate', 'classification_scheme': 'GenCC gene-disease validity classification'}]	4
10193	FMO3	ENSG00000007933	HGNC:3771	MONDO:0018767	severe primary trimethylaminuria	[{'label': 'Decreased total neutrophil count', 'term_id': 'HP:0001875'}]	['Autosomal recessive']	['HP:0000007']	['Strong']	['Labcorp Genetics (formerly Invitae)', 'Orphanet', 'PanelApp Australia']	[{'source': 'Orphanet'}, {'moi': 'Autosomal recessive', 'source': 'Labcorp Genetics (formerly Invitae)', 'moi_curie': 'HP:0000007', 'classification': 'Strong', 'classification_scheme': 'GenCC gene-disease validity classification'}, {'moi': 'Autosomal recessive', 'source': 'PanelApp Australia', 'moi_curie': 'HP:0000007', 'classification': 'Strong', 'classification_scheme': 'GenCC gene-disease validity classification'}]	3
10229	FNIP1	ENSG00000217128	HGNC:29418	MONDO:0030528	immunodeficiency 93 and hypertrophic cardiomyopathy	[{'label': 'Decreased total neutrophil count', 'term_id': 'HP:0001875'}]	['Autosomal recessive']	['HP:0000007']	['Strong']	['Labcorp Genetics (formerly Invitae)', 'PanelApp Australia']	[{'moi': 'Autosomal recessive', 'source': 'Labcorp Genetics (formerly Invitae)', 'moi_curie': 'HP:0000007', 'classification': 'Strong', 'classification_scheme': 'GenCC gene-disease validity classification'}, {'moi': 'Autosomal recessive', 'source': 'PanelApp Australia', 'moi_curie': 'HP:0000007', 'classification': 'Strong', 'classification_scheme': 'GenCC gene-disease validity classification'}]	2
10318	FOXP3	ENSG00000049768	HGNC:6106	MONDO:0010580	immune dysregulation-polyendocrinopathy-enteropathy-X-linked syndrome	[{'label': 'Decreased total neutrophil count', 'term_id': 'HP:0001875'}]	['XL', 'X-linked']	['HP:0001417']	['Definitive', 'Strong']	['ClinGen', 'G2P', 'Genomics England PanelApp', 'Labcorp Genetics (formerly Invitae)', 'Orphanet', 'PanelApp Australia']	[{'source': 'Orphanet'}, {'moi': 'XL', 'source': 'ClinGen', 'classification': 'Definitive', 'classification_scheme': 'ClinGen Gene-Disease Validity'}, {'moi': 'X-linked', 'source': 'G2P', 'moi_curie': 'HP:0001417', 'classification': 'Definitive', 'classification_scheme': 'GenCC gene-disease validity classification'}, {'moi': 'X-linked', 'source': 'Genomics England PanelApp', 'moi_curie': 'HP:0001417', 'classification': 'Strong', 'classification_scheme': 'GenCC gene-disease validity classification'}, {'moi': 'X-linked', 'source': 'Labcorp Genetics (formerly Invitae)', 'moi_curie': 'HP:0001417', 'classification': 'Strong', 'classification_scheme': 'GenCC gene-disease validity classification'}, {'moi': 'X-linked', 'source': 'PanelApp Australia', 'moi_curie': 'HP:0001417', 'classification': 'Strong', 'classification_scheme': 'GenCC gene-disease validity classification'}]	6
10622	FUT8	ENSG00000033170	HGNC:4019	MONDO:0020775	congenital disorder of glycosylation with defective fucosylation 1	[{'label': 'Decreased total neutrophil count', 'term_id': 'HP:0001875'}]	['AR', 'Autosomal recessive']	['HP:0000007']	['Definitive', 'Moderate', 'Strong']	['Ambry Genetics', 'ClinGen', 'G2P', 'Labcorp Genetics (formerly Invitae)', 'PanelApp Australia']	[{'moi': 'AR', 'source': 'ClinGen', 'classification': 'Definitive', 'classification_scheme': 'ClinGen Gene-Disease Validity'}, {'moi': 'Autosomal recessive', 'source': 'Ambry Genetics', 'moi_curie': 'HP:0000007', 'classification': 'Moderate', 'classification_scheme': 'GenCC gene-disease validity classification'}, {'moi': 'Autosomal recessive', 'source': 'G2P', 'moi_curie': 'HP:0000007', 'classification': 'Strong', 'classification_scheme': 'GenCC gene-disease validity classification'}, {'moi': 'Autosomal recessive', 'source': 'Labcorp Genetics (formerly Invitae)', 'moi_curie': 'HP:0000007', 'classification': 'Strong', 'classification_scheme': 'GenCC gene-disease validity classification'}, {'moi': 'Autosomal recessive', 'source': 'PanelApp Australia', 'moi_curie': 'HP:0000007', 'classification': 'Strong', 'classification_scheme': 'GenCC gene-disease validity classification'}]	5
10670	G6PC3	ENSG00000141349	HGNC:24861	MONDO:0012930	autosomal recessive severe congenital neutropenia due to G6PC3 deficiency	[{'label': 'Decreased total neutrophil count', 'term_id': 'HP:0001875'}]	['AR', 'Autosomal recessive']	['HP:0000007']	['Definitive', 'Strong']	['Ambry Genetics', 'ClinGen', 'Labcorp Genetics (formerly Invitae)', 'Orphanet', 'PanelApp Australia']	[{'source': 'Orphanet'}, {'moi': 'AR', 'source': 'ClinGen', 'classification': 'Definitive', 'classification_scheme': 'ClinGen Gene-Disease Validity'}, {'moi': 'Autosomal recessive', 'source': 'Ambry Genetics', 'moi_curie': 'HP:0000007', 'classification': 'Definitive', 'classification_scheme': 'GenCC gene-disease validity classification'}, {'moi': 'Autosomal recessive', 'source': 'Labcorp Genetics (formerly Invitae)', 'moi_curie': 'HP:0000007', 'classification': 'Strong', 'classification_scheme': 'GenCC gene-disease validity classification'}, {'moi': 'Autosomal recessive', 'source': 'PanelApp Australia', 'moi_curie': 'HP:0000007', 'classification': 'Strong', 'classification_scheme': 'GenCC gene-disease validity classification'}]	5
10760	GALE	ENSG00000117308	HGNC:4116	MONDO:0958333	thrombocytopenia 13, syndromic	[{'label': 'Decreased total neutrophil count', 'term_id': 'HP:0001875'}]	['Autosomal recessive']	['HP:0000007']	['Strong']	['PanelApp Australia']	[{'moi': 'Autosomal recessive', 'source': 'PanelApp Australia', 'moi_curie': 'HP:0000007', 'classification': 'Strong', 'classification_scheme': 'GenCC gene-disease validity classification'}]	1
10918	GATA1	ENSG00000102145	HGNC:4170	MONDO:0010444	X-linked dyserythropoetic anemia with abnormal platelets and neutropenia	[{'label': 'Decreased total neutrophil count', 'term_id': 'HP:0001875'}]	[]	[]	[]	['Orphanet']	[{'source': 'Orphanet'}]	1
10919	GATA2	ENSG00000179348	HGNC:4171	MONDO:0013607	monocytopenia with susceptibility to infections	[{'label': 'Decreased total neutrophil count', 'term_id': 'HP:0001875'}]	['Autosomal dominant']	['HP:0000006']	['Definitive']	['Ambry Genetics', 'Orphanet']	[{'source': 'Orphanet'}, {'moi': 'Autosomal dominant', 'source': 'Ambry Genetics', 'moi_curie': 'HP:0000006', 'classification': 'Definitive', 'classification_scheme': 'GenCC gene-disease validity classification'}]	2
11059	GFI1	ENSG00000162676	HGNC:4237	MONDO:0013139	neutropenia, severe congenital, 2, autosomal dominant	[{'label': 'Decreased total neutrophil count', 'term_id': 'HP:0001875'}]	['Autosomal dominant']	['HP:0000006']	['Limited', 'Strong']	['Ambry Genetics', 'Labcorp Genetics (formerly Invitae)', 'PanelApp Australia']	[{'moi': 'Autosomal dominant', 'source': 'Ambry Genetics', 'moi_curie': 'HP:0000006', 'classification': 'Limited', 'classification_scheme': 'GenCC gene-disease validity classification'}, {'moi': 'Autosomal dominant', 'source': 'Labcorp Genetics (formerly Invitae)', 'moi_curie': 'HP:0000006', 'classification': 'Strong', 'classification_scheme': 'GenCC gene-disease validity classification'}, {'moi': 'Autosomal dominant', 'source': 'PanelApp Australia', 'moi_curie': 'HP:0000006', 'classification': 'Strong', 'classification_scheme': 'GenCC gene-disease validity classification'}]	3
11133	GINS1	ENSG00000101003	HGNC:28980	MONDO:0044725	combined immunodeficiency due to GINS1 deficiency	[{'label': 'Decreased total neutrophil count', 'term_id': 'HP:0001875'}]	['Autosomal recessive', 'Unknown']	['HP:0000005', 'HP:0000007']	['Limited', 'Moderate', 'Strong']	['Ambry Genetics', 'ClinGen', 'Labcorp Genetics (formerly Invitae)', 'Orphanet', 'PanelApp Australia']	[{'source': 'Orphanet'}, {'moi': 'Autosomal recessive', 'source': 'Ambry Genetics', 'moi_curie': 'HP:0000007', 'classification': 'Limited', 'classification_scheme': 'GenCC gene-disease validity classification'}, {'moi': 'Autosomal recessive', 'source': 'ClinGen', 'moi_curie': 'HP:0000007', 'classification': 'Moderate', 'classification_scheme': 'GenCC gene-disease validity classification'}, {'moi': 'Autosomal recessive', 'source': 'PanelApp Australia', 'moi_curie': 'HP:0000007', 'classification': 'Strong', 'classification_scheme': 'GenCC gene-disease validity classification'}, {'moi': 'Unknown', 'source': 'Labcorp Genetics (formerly Invitae)', 'moi_curie': 'HP:0000005', 'classification': 'Limited', 'classification_scheme': 'GenCC gene-disease validity classification'}]	5
11818	GSS	ENSG00000100983	HGNC:4624	MONDO:0009947	glutathione synthetase deficiency with 5-oxoprolinuria	[{'label': 'Decreased total neutrophil count', 'term_id': 'HP:0001875'}]	['Autosomal recessive']	['HP:0000007']	['Strong']	['Labcorp Genetics (formerly Invitae)', 'Orphanet']	[{'source': 'Orphanet'}, {'moi': 'Autosomal recessive', 'source': 'Labcorp Genetics (formerly Invitae)', 'moi_curie': 'HP:0000007', 'classification': 'Strong', 'classification_scheme': 'GenCC gene-disease validity classification'}]	2
11877	GTF2H5	ENSG00000272047	HGNC:21157	MONDO:0014619	trichothiodystrophy 3, photosensitive	[{'label': 'Decreased total neutrophil count', 'term_id': 'HP:0001875'}]	['Autosomal recessive']	['HP:0000007']	['Definitive', 'Strong']	['G2P', 'Genomics England PanelApp', 'Labcorp Genetics (formerly Invitae)', 'PanelApp Australia']	[{'moi': 'Autosomal recessive', 'source': 'G2P', 'moi_curie': 'HP:0000007', 'classification': 'Definitive', 'classification_scheme': 'GenCC gene-disease validity classification'}, {'moi': 'Autosomal recessive', 'source': 'Genomics England PanelApp', 'moi_curie': 'HP:0000007', 'classification': 'Strong', 'classification_scheme': 'GenCC gene-disease validity classification'}, {'moi': 'Autosomal recessive', 'source': 'Labcorp Genetics (formerly Invitae)', 'moi_curie': 'HP:0000007', 'classification': 'Strong', 'classification_scheme': 'GenCC gene-disease validity classification'}, {'moi': 'Autosomal recessive', 'source': 'PanelApp Australia', 'moi_curie': 'HP:0000007', 'classification': 'Strong', 'classification_scheme': 'GenCC gene-disease validity classification'}]	4
12276	HAX1	ENSG00000143575	HGNC:16915	MONDO:0012548	Kostmann syndrome	[{'label': 'Decreased total neutrophil count', 'term_id': 'HP:0001875'}]	['Autosomal recessive']	['HP:0000007']	['Definitive', 'Strong']	['Ambry Genetics', 'G2P', 'Labcorp Genetics (formerly Invitae)', 'Natera', 'Orphanet', 'PanelApp Australia']	[{'source': 'Orphanet'}, {'moi': 'Autosomal recessive', 'source': 'Ambry Genetics', 'moi_curie': 'HP:0000007', 'classification': 'Definitive', 'classification_scheme': 'GenCC gene-disease validity classification'}, {'moi': 'Autosomal recessive', 'source': 'G2P', 'moi_curie': 'HP:0000007', 'classification': 'Definitive', 'classification_scheme': 'GenCC gene-disease validity classification'}, {'moi': 'Autosomal recessive', 'source': 'Labcorp Genetics (formerly Invitae)', 'moi_curie': 'HP:0000007', 'classification': 'Strong', 'classification_scheme': 'GenCC gene-disease validity classification'}, {'moi': 'Autosomal recessive', 'source': 'Natera', 'moi_curie': 'HP:0000007', 'classification': 'Definitive', 'classification_scheme': 'GenCC gene-disease validity classification'}, {'moi': 'Autosomal recessive', 'source': 'PanelApp Australia', 'moi_curie': 'HP:0000007', 'classification': 'Strong', 'classification_scheme': 'GenCC gene-disease validity classification'}]	6
13156	HSCB	ENSG00000100209	HGNC:28913	MONDO:0030436	anemia, sideroblastic, 5	[{'label': 'Decreased total neutrophil count', 'term_id': 'HP:0001875'}]	['Autosomal recessive', 'Unknown']	['HP:0000005', 'HP:0000007']	['Limited', 'Moderate']	['Labcorp Genetics (formerly Invitae)', 'PanelApp Australia']	[{'moi': 'Autosomal recessive', 'source': 'PanelApp Australia', 'moi_curie': 'HP:0000007', 'classification': 'Moderate', 'classification_scheme': 'GenCC gene-disease validity classification'}, {'moi': 'Unknown', 'source': 'Labcorp Genetics (formerly Invitae)', 'moi_curie': 'HP:0000005', 'classification': 'Limited', 'classification_scheme': 'GenCC gene-disease validity classification'}]	2
13372	HTRA2	ENSG00000115317	HGNC:14348	MONDO:0044723	3-methylglutaconic aciduria type 8	[{'label': 'Decreased total neutrophil count', 'term_id': 'HP:0001875'}]	['AR', 'Autosomal recessive']	['HP:0000007']	['Definitive', 'Strong']	['ClinGen', 'G2P', 'Labcorp Genetics (formerly Invitae)', 'Orphanet', 'PanelApp Australia']	[{'source': 'Orphanet'}, {'moi': 'AR', 'source': 'ClinGen', 'classification': 'Definitive', 'classification_scheme': 'ClinGen Gene-Disease Validity'}, {'moi': 'Autosomal recessive', 'source': 'G2P', 'moi_curie': 'HP:0000007', 'classification': 'Strong', 'classification_scheme': 'GenCC gene-disease validity classification'}, {'moi': 'Autosomal recessive', 'source': 'Labcorp Genetics (formerly Invitae)', 'moi_curie': 'HP:0000007', 'classification': 'Strong', 'classification_scheme': 'GenCC gene-disease validity classification'}, {'moi': 'Autosomal recessive', 'source': 'PanelApp Australia', 'moi_curie': 'HP:0000007', 'classification': 'Strong', 'classification_scheme': 'GenCC gene-disease validity classification'}]	5
13435	ICOS	ENSG00000163600	HGNC:5351	MONDO:0011864	immunodeficiency, common variable, 1	[{'label': 'Autoimmune neutropenia', 'term_id': 'HP:0001904'}]	['Autosomal recessive']	['HP:0000007']	['Moderate', 'Strong']	['Ambry Genetics', 'G2P', 'Labcorp Genetics (formerly Invitae)', 'PanelApp Australia']	[{'moi': 'Autosomal recessive', 'source': 'Ambry Genetics', 'moi_curie': 'HP:0000007', 'classification': 'Moderate', 'classification_scheme': 'GenCC gene-disease validity classification'}, {'moi': 'Autosomal recessive', 'source': 'G2P', 'moi_curie': 'HP:0000007', 'classification': 'Moderate', 'classification_scheme': 'GenCC gene-disease validity classification'}, {'moi': 'Autosomal recessive', 'source': 'Labcorp Genetics (formerly Invitae)', 'moi_curie': 'HP:0000007', 'classification': 'Strong', 'classification_scheme': 'GenCC gene-disease validity classification'}, {'moi': 'Autosomal recessive', 'source': 'PanelApp Australia', 'moi_curie': 'HP:0000007', 'classification': 'Strong', 'classification_scheme': 'GenCC gene-disease validity classification'}]	4
13436	ICOSLG	ENSG00000160223	HGNC:17087	MONDO:0970993	immunodeficiency 119	[{'label': 'Decreased total neutrophil count', 'term_id': 'HP:0001875'}]	['Autosomal recessive']	['HP:0000007']	['Limited', 'Moderate']	['Ambry Genetics', 'PanelApp Australia']	[{'moi': 'Autosomal recessive', 'source': 'Ambry Genetics', 'moi_curie': 'HP:0000007', 'classification': 'Limited', 'classification_scheme': 'GenCC gene-disease validity classification'}, {'moi': 'Autosomal recessive', 'source': 'PanelApp Australia', 'moi_curie': 'HP:0000007', 'classification': 'Moderate', 'classification_scheme': 'GenCC gene-disease validity classification'}]	2
13683	IGHM	ENSG00000211899	HGNC:5541	MONDO:0020729	autosomal recessive agammaglobulinemia 1	[{'label': 'Decreased total neutrophil count', 'term_id': 'HP:0001875'}]	['AR', 'Autosomal recessive']	['HP:0000007']	['Definitive', 'Strong']	['ClinGen', 'Labcorp Genetics (formerly Invitae)', 'PanelApp Australia']	[{'moi': 'AR', 'source': 'ClinGen', 'classification': 'Definitive', 'classification_scheme': 'ClinGen Gene-Disease Validity'}, {'moi': 'Autosomal recessive', 'source': 'Labcorp Genetics (formerly Invitae)', 'moi_curie': 'HP:0000007', 'classification': 'Strong', 'classification_scheme': 'GenCC gene-disease validity classification'}, {'moi': 'Autosomal recessive', 'source': 'PanelApp Australia', 'moi_curie': 'HP:0000007', 'classification': 'Strong', 'classification_scheme': 'GenCC gene-disease validity classification'}]	3
14095	IKBKG	ENSG00000269335	HGNC:5961	MONDO:0800129	autoinflammatory disease, X-linked	[{'label': 'Decreased total neutrophil count', 'term_id': 'HP:0001875'}]	['X-linked']	['HP:0001417']	['Strong']	['PanelApp Australia']	[{'moi': 'X-linked', 'source': 'PanelApp Australia', 'moi_curie': 'HP:0001417', 'classification': 'Strong', 'classification_scheme': 'GenCC gene-disease validity classification'}]	1
14132	IL6ST	ENSG00000134352	HGNC:6021	MONDO:0800131	hyper-IgE recurrent infection syndrome 4A, autosomal dominant	[{'label': 'Decreased total neutrophil count', 'term_id': 'HP:0001875'}]	['Autosomal dominant']	['HP:0000006']	['Strong']	['Labcorp Genetics (formerly Invitae)', 'PanelApp Australia']	[{'moi': 'Autosomal dominant', 'source': 'Labcorp Genetics (formerly Invitae)', 'moi_curie': 'HP:0000006', 'classification': 'Strong', 'classification_scheme': 'GenCC gene-disease validity classification'}, {'moi': 'Autosomal dominant', 'source': 'PanelApp Australia', 'moi_curie': 'HP:0000006', 'classification': 'Strong', 'classification_scheme': 'GenCC gene-disease validity classification'}]	2
14285	INO80	ENSG00000128908	HGNC:26956	MONDO:0011864	immunodeficiency, common variable, 1	[{'label': 'Autoimmune neutropenia', 'term_id': 'HP:0001904'}]	['AR']	[]	['Disputed']	['ClinGen']	[{'moi': 'AR', 'source': 'ClinGen', 'classification': 'Disputed', 'classification_scheme': 'ClinGen Gene-Disease Validity'}]	1
14418	IRAK4	ENSG00000198001	HGNC:17967	MONDO:0011888	immunodeficiency 67	[{'label': 'Transiently decreased total neutrophil count', 'term_id': 'HP:0410255'}]	['Autosomal recessive']	['HP:0000007']	['Strong']	['Labcorp Genetics (formerly Invitae)', 'Orphanet', 'PanelApp Australia']	[{'source': 'Orphanet'}, {'moi': 'Autosomal recessive', 'source': 'Labcorp Genetics (formerly Invitae)', 'moi_curie': 'HP:0000007', 'classification': 'Strong', 'classification_scheme': 'GenCC gene-disease validity classification'}, {'moi': 'Autosomal recessive', 'source': 'PanelApp Australia', 'moi_curie': 'HP:0000007', 'classification': 'Strong', 'classification_scheme': 'GenCC gene-disease validity classification'}]	3
14596	JAGN1	ENSG00000171135	HGNC:26926	MONDO:0014456	autosomal recessive severe congenital neutropenia due to JAGN1 deficiency	[{'label': 'Decreased total neutrophil count', 'term_id': 'HP:0001875'}]	['Autosomal recessive']	['HP:0000007']	['Definitive', 'Strong']	['G2P', 'Labcorp Genetics (formerly Invitae)', 'Orphanet', 'PanelApp Australia']	[{'source': 'Orphanet'}, {'moi': 'Autosomal recessive', 'source': 'G2P', 'moi_curie': 'HP:0000007', 'classification': 'Definitive', 'classification_scheme': 'GenCC gene-disease validity classification'}, {'moi': 'Autosomal recessive', 'source': 'Labcorp Genetics (formerly Invitae)', 'moi_curie': 'HP:0000007', 'classification': 'Strong', 'classification_scheme': 'GenCC gene-disease validity classification'}, {'moi': 'Autosomal recessive', 'source': 'PanelApp Australia', 'moi_curie': 'HP:0000007', 'classification': 'Strong', 'classification_scheme': 'GenCC gene-disease validity classification'}]	4
15255	KRAS	ENSG00000133703	HGNC:6407	MONDO:0013767	autoimmune lymphoproliferative syndrome type 4	[{'label': 'Decreased total neutrophil count', 'term_id': 'HP:0001875'}]	['Autosomal dominant']	['HP:0000006']	['Strong']	['Orphanet', 'PanelApp Australia']	[{'source': 'Orphanet'}, {'moi': 'Autosomal dominant', 'source': 'PanelApp Australia', 'moi_curie': 'HP:0000006', 'classification': 'Strong', 'classification_scheme': 'GenCC gene-disease validity classification'}]	2
15659	LAMTOR2	ENSG00000116586	HGNC:29796	MONDO:0012559	primary immunodeficiency syndrome due to p14 deficiency	[{'label': 'Decreased total neutrophil count', 'term_id': 'HP:0001875'}]	['Autosomal recessive', 'Unknown']	['HP:0000005', 'HP:0000007']	['Limited', 'Moderate']	['Ambry Genetics', 'Labcorp Genetics (formerly Invitae)', 'Orphanet', 'PanelApp Australia']	[{'source': 'Orphanet'}, {'moi': 'Autosomal recessive', 'source': 'Ambry Genetics', 'moi_curie': 'HP:0000007', 'classification': 'Limited', 'classification_scheme': 'GenCC gene-disease validity classification'}, {'moi': 'Autosomal recessive', 'source': 'PanelApp Australia', 'moi_curie': 'HP:0000007', 'classification': 'Moderate', 'classification_scheme': 'GenCC gene-disease validity classification'}, {'moi': 'Unknown', 'source': 'Labcorp Genetics (formerly Invitae)', 'moi_curie': 'HP:0000005', 'classification': 'Limited', 'classification_scheme': 'GenCC gene-disease validity classification'}]	4
15721	LBR	ENSG00000143815	HGNC:6518	MONDO:0008214	Pelger-Huet anomaly	[{'label': 'Decreased total neutrophil count', 'term_id': 'HP:0001875'}]	['Autosomal dominant']	['HP:0000006']	['Moderate', 'Strong']	['Ambry Genetics', 'Labcorp Genetics (formerly Invitae)']	[{'moi': 'Autosomal dominant', 'source': 'Ambry Genetics', 'moi_curie': 'HP:0000006', 'classification': 'Moderate', 'classification_scheme': 'GenCC gene-disease validity classification'}, {'moi': 'Autosomal dominant', 'source': 'Labcorp Genetics (formerly Invitae)', 'moi_curie': 'HP:0000006', 'classification': 'Strong', 'classification_scheme': 'GenCC gene-disease validity classification'}]	2
18389	LMBRD1	ENSG00000168216	HGNC:23038	MONDO:0010183	methylmalonic aciduria and homocystinuria type cblF	[{'label': 'Decreased total neutrophil count', 'term_id': 'HP:0001875'}]	['AR', 'Autosomal recessive']	['HP:0000007']	['Definitive', 'Strong']	['Ambry Genetics', 'ClinGen', 'G2P', 'Labcorp Genetics (formerly Invitae)', 'Orphanet', 'PanelApp Australia']	[{'source': 'Orphanet'}, {'moi': 'AR', 'source': 'ClinGen', 'classification': 'Definitive', 'classification_scheme': 'ClinGen Gene-Disease Validity'}, {'moi': 'Autosomal recessive', 'source': 'Ambry Genetics', 'moi_curie': 'HP:0000007', 'classification': 'Strong', 'classification_scheme': 'GenCC gene-disease validity classification'}, {'moi': 'Autosomal recessive', 'source': 'G2P', 'moi_curie': 'HP:0000007', 'classification': 'Definitive', 'classification_scheme': 'GenCC gene-disease validity classification'}, {'moi': 'Autosomal recessive', 'source': 'Labcorp Genetics (formerly Invitae)', 'moi_curie': 'HP:0000007', 'classification': 'Strong', 'classification_scheme': 'GenCC gene-disease validity classification'}, {'moi': 'Autosomal recessive', 'source': 'PanelApp Australia', 'moi_curie': 'HP:0000007', 'classification': 'Strong', 'classification_scheme': 'GenCC gene-disease validity classification'}]	6
18518	LRBA	ENSG00000198589	HGNC:1742	MONDO:0013863	combined immunodeficiency due to LRBA deficiency	[{'label': 'Persistently decreased total neutrophil count', 'term_id': 'HP:0410252'}]	['AR', 'Autosomal recessive']	['HP:0000007']	['Definitive', 'Strong']	['ClinGen', 'G2P', 'Genomics England PanelApp', 'Labcorp Genetics (formerly Invitae)', 'Orphanet', 'PanelApp Australia']	[{'source': 'Orphanet'}, {'moi': 'AR', 'source': 'ClinGen', 'classification': 'Definitive', 'classification_scheme': 'ClinGen Gene-Disease Validity'}, {'moi': 'Autosomal recessive', 'source': 'G2P', 'moi_curie': 'HP:0000007', 'classification': 'Strong', 'classification_scheme': 'GenCC gene-disease validity classification'}, {'moi': 'Autosomal recessive', 'source': 'Genomics England PanelApp', 'moi_curie': 'HP:0000007', 'classification': 'Strong', 'classification_scheme': 'GenCC gene-disease validity classification'}, {'moi': 'Autosomal recessive', 'source': 'Labcorp Genetics (formerly Invitae)', 'moi_curie': 'HP:0000007', 'classification': 'Strong', 'classification_scheme': 'GenCC gene-disease validity classification'}, {'moi': 'Autosomal recessive', 'source': 'PanelApp Australia', 'moi_curie': 'HP:0000007', 'classification': 'Strong', 'classification_scheme': 'GenCC gene-disease validity classification'}]	6
19812	LYST	ENSG00000143669	HGNC:1968	MONDO:0008963	Chediak-Higashi syndrome	[{'label': 'Decreased total neutrophil count', 'term_id': 'HP:0001875'}]	['AR', 'Autosomal recessive']	['HP:0000007']	['Definitive', 'Strong']	['ClinGen', 'G2P', 'Genomics England PanelApp', 'Labcorp Genetics (formerly Invitae)', 'Orphanet', 'PanelApp Australia']	[{'source': 'Orphanet'}, {'moi': 'AR', 'source': 'ClinGen', 'classification': 'Definitive', 'classification_scheme': 'ClinGen Gene-Disease Validity'}, {'moi': 'Autosomal recessive', 'source': 'G2P', 'moi_curie': 'HP:0000007', 'classification': 'Definitive', 'classification_scheme': 'GenCC gene-disease validity classification'}, {'moi': 'Autosomal recessive', 'source': 'Genomics England PanelApp', 'moi_curie': 'HP:0000007', 'classification': 'Strong', 'classification_scheme': 'GenCC gene-disease validity classification'}, {'moi': 'Autosomal recessive', 'source': 'Labcorp Genetics (formerly Invitae)', 'moi_curie': 'HP:0000007', 'classification': 'Strong', 'classification_scheme': 'GenCC gene-disease validity classification'}, {'moi': 'Autosomal recessive', 'source': 'PanelApp Australia', 'moi_curie': 'HP:0000007', 'classification': 'Strong', 'classification_scheme': 'GenCC gene-disease validity classification'}]	6
19851	MAD2L2	ENSG00000116670	HGNC:6764	MONDO:0014985	Fanconi anemia complementation group V	[{'label': 'Decreased total neutrophil count', 'term_id': 'HP:0001875'}]	['Autosomal recessive', 'Unknown']	['HP:0000005', 'HP:0000007']	['Limited']	['Ambry Genetics', 'Labcorp Genetics (formerly Invitae)', 'PanelApp Australia']	[{'moi': 'Autosomal recessive', 'source': 'Ambry Genetics', 'moi_curie': 'HP:0000007', 'classification': 'Limited', 'classification_scheme': 'GenCC gene-disease validity classification'}, {'moi': 'Autosomal recessive', 'source': 'PanelApp Australia', 'moi_curie': 'HP:0000007', 'classification': 'Limited', 'classification_scheme': 'GenCC gene-disease validity classification'}, {'moi': 'Unknown', 'source': 'Labcorp Genetics (formerly Invitae)', 'moi_curie': 'HP:0000005', 'classification': 'Limited', 'classification_scheme': 'GenCC gene-disease validity classification'}]	3
20307	MDM4	ENSG00000198625	HGNC:6974	MONDO:0030015	bone marrow failure syndrome 6	[{'label': 'Decreased total neutrophil count', 'term_id': 'HP:0001875'}]	['AD', 'Autosomal dominant']	['HP:0000006']	['Limited', 'Moderate']	['ClinGen', 'Labcorp Genetics (formerly Invitae)']	[{'moi': 'AD', 'source': 'ClinGen', 'classification': 'Moderate', 'classification_scheme': 'ClinGen Gene-Disease Validity'}, {'moi': 'Autosomal dominant', 'source': 'Labcorp Genetics (formerly Invitae)', 'moi_curie': 'HP:0000006', 'classification': 'Limited', 'classification_scheme': 'GenCC gene-disease validity classification'}]	2
20323	MECOM	ENSG00000085276	HGNC:3498	MONDO:0014758	radioulnar synostosis with amegakaryocytic thrombocytopenia 2	[{'label': 'Decreased total neutrophil count', 'term_id': 'HP:0001875'}]	['Autosomal dominant']	['HP:0000006']	['Definitive', 'Strong']	['Ambry Genetics', 'G2P', 'Labcorp Genetics (formerly Invitae)', 'PanelApp Australia']	[{'moi': 'Autosomal dominant', 'source': 'Ambry Genetics', 'moi_curie': 'HP:0000006', 'classification': 'Definitive', 'classification_scheme': 'GenCC gene-disease validity classification'}, {'moi': 'Autosomal dominant', 'source': 'G2P', 'moi_curie': 'HP:0000006', 'classification': 'Strong', 'classification_scheme': 'GenCC gene-disease validity classification'}, {'moi': 'Autosomal dominant', 'source': 'Labcorp Genetics (formerly Invitae)', 'moi_curie': 'HP:0000006', 'classification': 'Strong', 'classification_scheme': 'GenCC gene-disease validity classification'}, {'moi': 'Autosomal dominant', 'source': 'PanelApp Australia', 'moi_curie': 'HP:0000006', 'classification': 'Strong', 'classification_scheme': 'GenCC gene-disease validity classification'}]	4
22709	MMAA	ENSG00000151611	HGNC:18871	MONDO:0009613	methylmalonic aciduria, cblA type	[{'label': 'Decreased total neutrophil count', 'term_id': 'HP:0001875'}]	['AR', 'Autosomal recessive']	['HP:0000007']	['Definitive', 'Strong']	"['Ambry Genetics', 'ClinGen', 'G2P', 'Labcorp Genetics (formerly Invitae)', ""Myriad Women's Health"", 'Natera', 'Orphanet', 'PanelApp Australia']"	"[{'source': 'Orphanet'}, {'moi': 'AR', 'source': 'ClinGen', 'classification': 'Definitive', 'classification_scheme': 'ClinGen Gene-Disease Validity'}, {'moi': 'Autosomal recessive', 'source': 'Ambry Genetics', 'moi_curie': 'HP:0000007', 'classification': 'Definitive', 'classification_scheme': 'GenCC gene-disease validity classification'}, {'moi': 'Autosomal recessive', 'source': 'G2P', 'moi_curie': 'HP:0000007', 'classification': 'Definitive', 'classification_scheme': 'GenCC gene-disease validity classification'}, {'moi': 'Autosomal recessive', 'source': 'Labcorp Genetics (formerly Invitae)', 'moi_curie': 'HP:0000007', 'classification': 'Strong', 'classification_scheme': 'GenCC gene-disease validity classification'}, {'moi': 'Autosomal recessive', 'source': ""Myriad Women's Health"", 'moi_curie': 'HP:0000007', 'classification': 'Definitive', 'classification_scheme': 'GenCC gene-disease validity classification'}, {'moi': 'Autosomal recessive', 'source': 'Natera', 'moi_curie': 'HP:0000007', 'classification': 'Definitive', 'classification_scheme': 'GenCC gene-disease validity classification'}, {'moi': 'Autosomal recessive', 'source': 'PanelApp Australia', 'moi_curie': 'HP:0000007', 'classification': 'Strong', 'classification_scheme': 'GenCC gene-disease validity classification'}]"	8
22710	MMAB	ENSG00000139428	HGNC:19331	MONDO:0009614	methylmalonic aciduria, cblB type	[{'label': 'Decreased total neutrophil count', 'term_id': 'HP:0001875'}]	['AR', 'Autosomal recessive']	['HP:0000007']	['Definitive', 'Strong']	"['ClinGen', 'G2P', 'Labcorp Genetics (formerly Invitae)', ""Myriad Women's Health"", 'Natera', 'Orphanet', 'PanelApp Australia']"	"[{'source': 'Orphanet'}, {'moi': 'AR', 'source': 'ClinGen', 'classification': 'Definitive', 'classification_scheme': 'ClinGen Gene-Disease Validity'}, {'moi': 'Autosomal recessive', 'source': 'G2P', 'moi_curie': 'HP:0000007', 'classification': 'Definitive', 'classification_scheme': 'GenCC gene-disease validity classification'}, {'moi': 'Autosomal recessive', 'source': 'Labcorp Genetics (formerly Invitae)', 'moi_curie': 'HP:0000007', 'classification': 'Strong', 'classification_scheme': 'GenCC gene-disease validity classification'}, {'moi': 'Autosomal recessive', 'source': ""Myriad Women's Health"", 'moi_curie': 'HP:0000007', 'classification': 'Definitive', 'classification_scheme': 'GenCC gene-disease validity classification'}, {'moi': 'Autosomal recessive', 'source': 'Natera', 'moi_curie': 'HP:0000007', 'classification': 'Definitive', 'classification_scheme': 'GenCC gene-disease validity classification'}, {'moi': 'Autosomal recessive', 'source': 'PanelApp Australia', 'moi_curie': 'HP:0000007', 'classification': 'Strong', 'classification_scheme': 'GenCC gene-disease validity classification'}]"	7
22711	MMACHC	ENSG00000132763	HGNC:24525	MONDO:0010184	methylmalonic aciduria and homocystinuria type cblC	[{'label': 'Decreased total neutrophil count', 'term_id': 'HP:0001875'}]	['AR', 'Autosomal recessive']	['HP:0000007']	['Definitive', 'Strong']	"['Ambry Genetics', 'ClinGen', 'G2P', 'Labcorp Genetics (formerly Invitae)', ""Myriad Women's Health"", 'Natera', 'Orphanet', 'PanelApp Australia']"	"[{'source': 'Orphanet'}, {'moi': 'AR', 'source': 'ClinGen', 'classification': 'Definitive', 'classification_scheme': 'ClinGen Gene-Disease Validity'}, {'moi': 'Autosomal recessive', 'source': 'Ambry Genetics', 'moi_curie': 'HP:0000007', 'classification': 'Strong', 'classification_scheme': 'GenCC gene-disease validity classification'}, {'moi': 'Autosomal recessive', 'source': 'G2P', 'moi_curie': 'HP:0000007', 'classification': 'Definitive', 'classification_scheme': 'GenCC gene-disease validity classification'}, {'moi': 'Autosomal recessive', 'source': 'Labcorp Genetics (formerly Invitae)', 'moi_curie': 'HP:0000007', 'classification': 'Strong', 'classification_scheme': 'GenCC gene-disease validity classification'}, {'moi': 'Autosomal recessive', 'source': ""Myriad Women's Health"", 'moi_curie': 'HP:0000007', 'classification': 'Definitive', 'classification_scheme': 'GenCC gene-disease validity classification'}, {'moi': 'Autosomal recessive', 'source': 'Natera', 'moi_curie': 'HP:0000007', 'classification': 'Definitive', 'classification_scheme': 'GenCC gene-disease validity classification'}, {'moi': 'Autosomal recessive', 'source': 'PanelApp Australia', 'moi_curie': 'HP:0000007', 'classification': 'Strong', 'classification_scheme': 'GenCC gene-disease validity classification'}]"	8
22757	MMUT	ENSG00000146085	HGNC:7526	MONDO:0009612	methylmalonic aciduria due to methylmalonyl-CoA mutase deficiency	[{'label': 'Decreased total neutrophil count', 'term_id': 'HP:0001875'}]	['AR', 'Autosomal recessive']	['HP:0000007']	['Definitive', 'Strong']	['ClinGen', 'G2P', 'Labcorp Genetics (formerly Invitae)', 'Natera', 'PanelApp Australia']	[{'moi': 'AR', 'source': 'ClinGen', 'classification': 'Definitive', 'classification_scheme': 'ClinGen Gene-Disease Validity'}, {'moi': 'Autosomal recessive', 'source': 'G2P', 'moi_curie': 'HP:0000007', 'classification': 'Definitive', 'classification_scheme': 'GenCC gene-disease validity classification'}, {'moi': 'Autosomal recessive', 'source': 'Labcorp Genetics (formerly Invitae)', 'moi_curie': 'HP:0000007', 'classification': 'Strong', 'classification_scheme': 'GenCC gene-disease validity classification'}, {'moi': 'Autosomal recessive', 'source': 'Natera', 'moi_curie': 'HP:0000007', 'classification': 'Definitive', 'classification_scheme': 'GenCC gene-disease validity classification'}, {'moi': 'Autosomal recessive', 'source': 'PanelApp Australia', 'moi_curie': 'HP:0000007', 'classification': 'Strong', 'classification_scheme': 'GenCC gene-disease validity classification'}]	5
23205	MSN	ENSG00000147065	HGNC:7373	MONDO:0010514	combined immunodeficiency due to moesin deficiency	[{'label': 'Decreased total neutrophil count', 'term_id': 'HP:0001875'}]	['XL', 'X-linked']	['HP:0001417']	['Definitive', 'Moderate', 'Strong']	['Ambry Genetics', 'ClinGen', 'Labcorp Genetics (formerly Invitae)', 'Orphanet', 'PanelApp Australia']	[{'source': 'Orphanet'}, {'moi': 'XL', 'source': 'ClinGen', 'classification': 'Definitive', 'classification_scheme': 'ClinGen Gene-Disease Validity'}, {'moi': 'X-linked', 'source': 'Ambry Genetics', 'moi_curie': 'HP:0001417', 'classification': 'Moderate', 'classification_scheme': 'GenCC gene-disease validity classification'}, {'moi': 'X-linked', 'source': 'Labcorp Genetics (formerly Invitae)', 'moi_curie': 'HP:0001417', 'classification': 'Strong', 'classification_scheme': 'GenCC gene-disease validity classification'}, {'moi': 'X-linked', 'source': 'PanelApp Australia', 'moi_curie': 'HP:0001417', 'classification': 'Strong', 'classification_scheme': 'GenCC gene-disease validity classification'}]	5
23216	MST1	ENSG00000173531	HGNC:7380	MONDO:0013934	combined immunodeficiency due to STK4 deficiency	[{'label': 'Decreased total neutrophil count', 'term_id': 'HP:0001875'}]	['Autosomal recessive']	['HP:0000007']	['Moderate']	['Ambry Genetics']	[{'moi': 'Autosomal recessive', 'source': 'Ambry Genetics', 'moi_curie': 'HP:0000007', 'classification': 'Moderate', 'classification_scheme': 'GenCC gene-disease validity classification'}]	1
23878	MTR	ENSG00000116984	HGNC:7468	MONDO:0009609	methylcobalamin deficiency type cblG	[{'label': 'Decreased total neutrophil count', 'term_id': 'HP:0001875'}]	['AR', 'Autosomal recessive']	['HP:0000007']	['Definitive', 'Strong']	['ClinGen', 'G2P', 'Labcorp Genetics (formerly Invitae)', 'Orphanet', 'PanelApp Australia']	[{'source': 'Orphanet'}, {'moi': 'AR', 'source': 'ClinGen', 'classification': 'Definitive', 'classification_scheme': 'ClinGen Gene-Disease Validity'}, {'moi': 'Autosomal recessive', 'source': 'G2P', 'moi_curie': 'HP:0000007', 'classification': 'Definitive', 'classification_scheme': 'GenCC gene-disease validity classification'}, {'moi': 'Autosomal recessive', 'source': 'Labcorp Genetics (formerly Invitae)', 'moi_curie': 'HP:0000007', 'classification': 'Strong', 'classification_scheme': 'GenCC gene-disease validity classification'}, {'moi': 'Autosomal recessive', 'source': 'PanelApp Australia', 'moi_curie': 'HP:0000007', 'classification': 'Strong', 'classification_scheme': 'GenCC gene-disease validity classification'}]	5
23996	MYD88	ENSG00000172936	HGNC:7562	MONDO:0011888	immunodeficiency 67	[{'label': 'Transiently decreased total neutrophil count', 'term_id': 'HP:0410255'}]	[]	[]	[]	['Orphanet']	[{'source': 'Orphanet'}]	1
24353	NCAPG2	ENSG00000146918	HGNC:21904	MONDO:0032764	Khan-Khan-Katsanis syndrome	[{'label': 'Decreased total neutrophil count', 'term_id': 'HP:0001875'}]	['AR', 'Autosomal recessive', 'Unknown']	['HP:0000005', 'HP:0000007']	['Limited', 'Moderate']	['Ambry Genetics', 'ClinGen', 'Illumina', 'Labcorp Genetics (formerly Invitae)', 'PanelApp Australia']	[{'moi': 'AR', 'source': 'ClinGen', 'classification': 'Limited', 'classification_scheme': 'ClinGen Gene-Disease Validity'}, {'moi': 'Autosomal recessive', 'source': 'Ambry Genetics', 'moi_curie': 'HP:0000007', 'classification': 'Limited', 'classification_scheme': 'GenCC gene-disease validity classification'}, {'moi': 'Autosomal recessive', 'source': 'Illumina', 'moi_curie': 'HP:0000007', 'classification': 'Limited', 'classification_scheme': 'GenCC gene-disease validity classification'}, {'moi': 'Autosomal recessive', 'source': 'PanelApp Australia', 'moi_curie': 'HP:0000007', 'classification': 'Moderate', 'classification_scheme': 'GenCC gene-disease validity classification'}, {'moi': 'Unknown', 'source': 'Labcorp Genetics (formerly Invitae)', 'moi_curie': 'HP:0000005', 'classification': 'Limited', 'classification_scheme': 'GenCC gene-disease validity classification'}]	5
24467	NDUFA6	ENSG00000184983	HGNC:7690	MONDO:0032636	mitochondrial complex I deficiency, nuclear type 33	[{'label': 'Decreased total neutrophil count', 'term_id': 'HP:0001875'}]	['Autosomal recessive']	['HP:0000007']	['Moderate', 'Strong']	['Ambry Genetics', 'Labcorp Genetics (formerly Invitae)', 'PanelApp Australia']	[{'moi': 'Autosomal recessive', 'source': 'Ambry Genetics', 'moi_curie': 'HP:0000007', 'classification': 'Moderate', 'classification_scheme': 'GenCC gene-disease validity classification'}, {'moi': 'Autosomal recessive', 'source': 'Labcorp Genetics (formerly Invitae)', 'moi_curie': 'HP:0000007', 'classification': 'Strong', 'classification_scheme': 'GenCC gene-disease validity classification'}, {'moi': 'Autosomal recessive', 'source': 'PanelApp Australia', 'moi_curie': 'HP:0000007', 'classification': 'Strong', 'classification_scheme': 'GenCC gene-disease validity classification'}]	3
25239	NRAS	ENSG00000213281	HGNC:7989	MONDO:0013767	autoimmune lymphoproliferative syndrome type 4	[{'label': 'Decreased total neutrophil count', 'term_id': 'HP:0001875'}]	[]	[]	[]	['Orphanet']	[{'source': 'Orphanet'}]	1
26793	PACS2	ENSG00000179364	HGNC:23794	MONDO:0054845	developmental and epileptic encephalopathy, 66	[{'label': 'Decreased total neutrophil count', 'term_id': 'HP:0001875'}]	['Autosomal dominant']	['HP:0000006']	['Moderate', 'Strong']	['Ambry Genetics', 'G2P', 'Labcorp Genetics (formerly Invitae)', 'PanelApp Australia']	[{'moi': 'Autosomal dominant', 'source': 'Ambry Genetics', 'moi_curie': 'HP:0000006', 'classification': 'Moderate', 'classification_scheme': 'GenCC gene-disease validity classification'}, {'moi': 'Autosomal dominant', 'source': 'G2P', 'moi_curie': 'HP:0000006', 'classification': 'Strong', 'classification_scheme': 'GenCC gene-disease validity classification'}, {'moi': 'Autosomal dominant', 'source': 'Labcorp Genetics (formerly Invitae)', 'moi_curie': 'HP:0000006', 'classification': 'Strong', 'classification_scheme': 'GenCC gene-disease validity classification'}, {'moi': 'Autosomal dominant', 'source': 'PanelApp Australia', 'moi_curie': 'HP:0000006', 'classification': 'Strong', 'classification_scheme': 'GenCC gene-disease validity classification'}]	4
27024	PCCA	ENSG00000175198	HGNC:8653	MONDO:0011628	propionic acidemia	[{'label': 'Decreased total neutrophil count', 'term_id': 'HP:0001875'}]	['AR', 'Autosomal recessive']	['HP:0000007']	['Definitive', 'Strong']	"['ClinGen', 'G2P', 'Labcorp Genetics (formerly Invitae)', ""Myriad Women's Health"", 'Natera', 'Orphanet', 'PanelApp Australia']"	"[{'source': 'Orphanet'}, {'moi': 'AR', 'source': 'ClinGen', 'classification': 'Definitive', 'classification_scheme': 'ClinGen Gene-Disease Validity'}, {'moi': 'Autosomal recessive', 'source': 'G2P', 'moi_curie': 'HP:0000007', 'classification': 'Definitive', 'classification_scheme': 'GenCC gene-disease validity classification'}, {'moi': 'Autosomal recessive', 'source': 'Labcorp Genetics (formerly Invitae)', 'moi_curie': 'HP:0000007', 'classification': 'Strong', 'classification_scheme': 'GenCC gene-disease validity classification'}, {'moi': 'Autosomal recessive', 'source': ""Myriad Women's Health"", 'moi_curie': 'HP:0000007', 'classification': 'Definitive', 'classification_scheme': 'GenCC gene-disease validity classification'}, {'moi': 'Autosomal recessive', 'source': 'Natera', 'moi_curie': 'HP:0000007', 'classification': 'Definitive', 'classification_scheme': 'GenCC gene-disease validity classification'}, {'moi': 'Autosomal recessive', 'source': 'PanelApp Australia', 'moi_curie': 'HP:0000007', 'classification': 'Strong', 'classification_scheme': 'GenCC gene-disease validity classification'}]"	7
27027	PCCB	ENSG00000114054	HGNC:8654	MONDO:0011628	propionic acidemia	[{'label': 'Decreased total neutrophil count', 'term_id': 'HP:0001875'}]	['AR', 'Autosomal recessive']	['HP:0000007']	['Definitive', 'Strong']	"['ClinGen', 'G2P', 'Labcorp Genetics (formerly Invitae)', 'Laboratory for Molecular Medicine', ""Myriad Women's Health"", 'Natera', 'Orphanet', 'PanelApp Australia']"	"[{'source': 'Orphanet'}, {'moi': 'AR', 'source': 'ClinGen', 'classification': 'Definitive', 'classification_scheme': 'ClinGen Gene-Disease Validity'}, {'moi': 'Autosomal recessive', 'source': 'G2P', 'moi_curie': 'HP:0000007', 'classification': 'Definitive', 'classification_scheme': 'GenCC gene-disease validity classification'}, {'moi': 'Autosomal recessive', 'source': 'Labcorp Genetics (formerly Invitae)', 'moi_curie': 'HP:0000007', 'classification': 'Strong', 'classification_scheme': 'GenCC gene-disease validity classification'}, {'moi': 'Autosomal recessive', 'source': 'Laboratory for Molecular Medicine', 'moi_curie': 'HP:0000007', 'classification': 'Definitive', 'classification_scheme': 'GenCC gene-disease validity classification'}, {'moi': 'Autosomal recessive', 'source': ""Myriad Women's Health"", 'moi_curie': 'HP:0000007', 'classification': 'Definitive', 'classification_scheme': 'GenCC gene-disease validity classification'}, {'moi': 'Autosomal recessive', 'source': 'Natera', 'moi_curie': 'HP:0000007', 'classification': 'Definitive', 'classification_scheme': 'GenCC gene-disease validity classification'}, {'moi': 'Autosomal recessive', 'source': 'PanelApp Australia', 'moi_curie': 'HP:0000007', 'classification': 'Strong', 'classification_scheme': 'GenCC gene-disease validity classification'}]"	8
27549	PGM3	ENSG00000013375	HGNC:8907	MONDO:0014353	immunodeficiency 23	[{'label': 'Decreased total neutrophil count', 'term_id': 'HP:0001875'}]	['AR', 'Autosomal recessive']	['HP:0000007']	['Definitive', 'Strong']	['ClinGen', 'G2P', 'Labcorp Genetics (formerly Invitae)', 'Orphanet', 'PanelApp Australia']	[{'source': 'Orphanet'}, {'moi': 'AR', 'source': 'ClinGen', 'classification': 'Definitive', 'classification_scheme': 'ClinGen Gene-Disease Validity'}, {'moi': 'Autosomal recessive', 'source': 'G2P', 'moi_curie': 'HP:0000007', 'classification': 'Definitive', 'classification_scheme': 'GenCC gene-disease validity classification'}, {'moi': 'Autosomal recessive', 'source': 'Labcorp Genetics (formerly Invitae)', 'moi_curie': 'HP:0000007', 'classification': 'Strong', 'classification_scheme': 'GenCC gene-disease validity classification'}, {'moi': 'Autosomal recessive', 'source': 'PanelApp Australia', 'moi_curie': 'HP:0000007', 'classification': 'Strong', 'classification_scheme': 'GenCC gene-disease validity classification'}]	5
27761	PIK3CG	ENSG00000105851	HGNC:8978	MONDO:0030717	immunodeficiency 97 with autoinflammation	[{'label': 'Autoimmune neutropenia', 'term_id': 'HP:0001904'}]	['AR', 'Autosomal recessive', 'Unknown']	['HP:0000005', 'HP:0000007']	['Limited', 'Moderate', 'Strong']	['Ambry Genetics', 'ClinGen', 'Labcorp Genetics (formerly Invitae)', 'PanelApp Australia']	[{'moi': 'AR', 'source': 'ClinGen', 'classification': 'Moderate', 'classification_scheme': 'ClinGen Gene-Disease Validity'}, {'moi': 'Autosomal recessive', 'source': 'Ambry Genetics', 'moi_curie': 'HP:0000007', 'classification': 'Moderate', 'classification_scheme': 'GenCC gene-disease validity classification'}, {'moi': 'Autosomal recessive', 'source': 'PanelApp Australia', 'moi_curie': 'HP:0000007', 'classification': 'Strong', 'classification_scheme': 'GenCC gene-disease validity classification'}, {'moi': 'Unknown', 'source': 'Labcorp Genetics (formerly Invitae)', 'moi_curie': 'HP:0000005', 'classification': 'Limited', 'classification_scheme': 'GenCC gene-disease validity classification'}]	4
27764	PIK3R1	ENSG00000145675	HGNC:8979	MONDO:0014083	agammaglobulinemia 7, autosomal recessive	[{'label': 'Decreased total neutrophil count', 'term_id': 'HP:0001875'}]	['AR', 'Autosomal recessive']	['HP:0000007']	['Limited', 'Strong']	['Ambry Genetics', 'ClinGen', 'G2P', 'Labcorp Genetics (formerly Invitae)']	[{'moi': 'AR', 'source': 'ClinGen', 'classification': 'Limited', 'classification_scheme': 'ClinGen Gene-Disease Validity'}, {'moi': 'Autosomal recessive', 'source': 'Ambry Genetics', 'moi_curie': 'HP:0000007', 'classification': 'Limited', 'classification_scheme': 'GenCC gene-disease validity classification'}, {'moi': 'Autosomal recessive', 'source': 'G2P', 'moi_curie': 'HP:0000007', 'classification': 'Strong', 'classification_scheme': 'GenCC gene-disease validity classification'}, {'moi': 'Autosomal recessive', 'source': 'Labcorp Genetics (formerly Invitae)', 'moi_curie': 'HP:0000007', 'classification': 'Strong', 'classification_scheme': 'GenCC gene-disease validity classification'}]	4
28283	PNP	ENSG00000198805	HGNC:7892	MONDO:0013171	purine nucleoside phosphorylase deficiency	[{'label': 'Autoimmune neutropenia', 'term_id': 'HP:0001904'}]	['AR', 'Autosomal recessive']	['HP:0000007']	['Definitive', 'Strong']	['ClinGen', 'Labcorp Genetics (formerly Invitae)', 'Orphanet', 'PanelApp Australia']	[{'source': 'Orphanet'}, {'moi': 'AR', 'source': 'ClinGen', 'classification': 'Definitive', 'classification_scheme': 'ClinGen Gene-Disease Validity'}, {'moi': 'Autosomal recessive', 'source': 'Labcorp Genetics (formerly Invitae)', 'moi_curie': 'HP:0000007', 'classification': 'Strong', 'classification_scheme': 'GenCC gene-disease validity classification'}, {'moi': 'Autosomal recessive', 'source': 'PanelApp Australia', 'moi_curie': 'HP:0000007', 'classification': 'Strong', 'classification_scheme': 'GenCC gene-disease validity classification'}]	4
28645	PPIL1	ENSG00000137168	HGNC:9260	MONDO:0030258	pontocerebellar hypoplasia, type 14	[{'label': 'Persistently decreased total neutrophil count', 'term_id': 'HP:0410252'}]	['Autosomal recessive']	['HP:0000007']	['Moderate', 'Strong']	['Ambry Genetics', 'Broad Center for Mendelian Genomics', 'Labcorp Genetics (formerly Invitae)', 'PanelApp Australia']	[{'moi': 'Autosomal recessive', 'source': 'Ambry Genetics', 'moi_curie': 'HP:0000007', 'classification': 'Moderate', 'classification_scheme': 'GenCC gene-disease validity classification'}, {'moi': 'Autosomal recessive', 'source': 'Broad Center for Mendelian Genomics', 'moi_curie': 'HP:0000007', 'classification': 'Moderate', 'classification_scheme': 'GenCC gene-disease validity classification'}, {'moi': 'Autosomal recessive', 'source': 'Labcorp Genetics (formerly Invitae)', 'moi_curie': 'HP:0000007', 'classification': 'Strong', 'classification_scheme': 'GenCC gene-disease validity classification'}, {'moi': 'Autosomal recessive', 'source': 'PanelApp Australia', 'moi_curie': 'HP:0000007', 'classification': 'Strong', 'classification_scheme': 'GenCC gene-disease validity classification'}]	4
28899	PRDX1	ENSG00000117450	HGNC:9352	MONDO:0010184	methylmalonic aciduria and homocystinuria type cblC	[{'label': 'Decreased total neutrophil count', 'term_id': 'HP:0001875'}]	['Autosomal recessive']	['HP:0000007']	['Strong']	['Labcorp Genetics (formerly Invitae)']	[{'moi': 'Autosomal recessive', 'source': 'Labcorp Genetics (formerly Invitae)', 'moi_curie': 'HP:0000007', 'classification': 'Strong', 'classification_scheme': 'GenCC gene-disease validity classification'}]	1
30408	PTCRA	ENSG00000171611	HGNC:21290	MONDO:0975761	immunodeficiency 126, susceptibility to	[{'label': 'Decreased total neutrophil count', 'term_id': 'HP:0001875'}]	['Autosomal recessive']	['HP:0000007']	['Strong']	['ClinGen', 'PanelApp Australia']	[{'moi': 'Autosomal recessive', 'source': 'ClinGen', 'moi_curie': 'HP:0000007', 'classification': 'Strong', 'classification_scheme': 'GenCC gene-disease validity classification'}, {'moi': 'Autosomal recessive', 'source': 'PanelApp Australia', 'moi_curie': 'HP:0000007', 'classification': 'Strong', 'classification_scheme': 'GenCC gene-disease validity classification'}]	2
30830	RAC2	ENSG00000128340	HGNC:9802	MONDO:0033554	immunodeficiency 73b with defective neutrophil chemotaxis and lymphopenia	[{'label': 'Decreased total neutrophil count', 'term_id': 'HP:0001875'}]	['AD', 'Autosomal dominant']	['HP:0000006']	['Definitive', 'Strong']	['Ambry Genetics', 'ClinGen', 'PanelApp Australia']	[{'moi': 'AD', 'source': 'ClinGen', 'classification': 'Strong', 'classification_scheme': 'ClinGen Gene-Disease Validity'}, {'moi': 'Autosomal dominant', 'source': 'Ambry Genetics', 'moi_curie': 'HP:0000006', 'classification': 'Definitive', 'classification_scheme': 'GenCC gene-disease validity classification'}, {'moi': 'Autosomal dominant', 'source': 'PanelApp Australia', 'moi_curie': 'HP:0000006', 'classification': 'Strong', 'classification_scheme': 'GenCC gene-disease validity classification'}]	3
31224	RBSN	ENSG00000131381	HGNC:20759	MONDO:0014118	congenital neutropenia-myelofibrosis-nephromegaly syndrome	[{'label': 'Decreased total neutrophil count', 'term_id': 'HP:0001875'}]	['Autosomal recessive']	['HP:0000007']	['Supportive']	['Orphanet']	[{'moi': 'Autosomal recessive', 'source': 'Orphanet', 'moi_curie': 'HP:0000007', 'classification': 'Supportive', 'classification_scheme': 'GenCC gene-disease validity classification'}]	1
31427	RFXAP	ENSG00000133111	HGNC:9988	MONDO:0971015	MHC class II deficiency 4	[{'label': 'Decreased total neutrophil count', 'term_id': 'HP:0001875'}]	['Autosomal recessive']	['HP:0000007']	['Strong']	['PanelApp Australia']	[{'moi': 'Autosomal recessive', 'source': 'PanelApp Australia', 'moi_curie': 'HP:0000007', 'classification': 'Strong', 'classification_scheme': 'GenCC gene-disease validity classification'}]	1
31625	RMRP	ENSG00000277027	HGNC:10031	MONDO:0009595	cartilage-hair hypoplasia	[{'label': 'Decreased total neutrophil count', 'term_id': 'HP:0001875'}]	['AR', 'Autosomal recessive']	['HP:0000007']	['Definitive', 'Strong']	"['ClinGen', 'G2P', 'Labcorp Genetics (formerly Invitae)', ""Myriad Women's Health"", 'Natera', 'Orphanet', 'PanelApp Australia']"	"[{'source': 'Orphanet'}, {'moi': 'AR', 'source': 'ClinGen', 'classification': 'Definitive', 'classification_scheme': 'ClinGen Gene-Disease Validity'}, {'moi': 'Autosomal recessive', 'source': 'G2P', 'moi_curie': 'HP:0000007', 'classification': 'Definitive', 'classification_scheme': 'GenCC gene-disease validity classification'}, {'moi': 'Autosomal recessive', 'source': 'Labcorp Genetics (formerly Invitae)', 'moi_curie': 'HP:0000007', 'classification': 'Strong', 'classification_scheme': 'GenCC gene-disease validity classification'}, {'moi': 'Autosomal recessive', 'source': ""Myriad Women's Health"", 'moi_curie': 'HP:0000007', 'classification': 'Definitive', 'classification_scheme': 'GenCC gene-disease validity classification'}, {'moi': 'Autosomal recessive', 'source': 'Natera', 'moi_curie': 'HP:0000007', 'classification': 'Definitive', 'classification_scheme': 'GenCC gene-disease validity classification'}, {'moi': 'Autosomal recessive', 'source': 'PanelApp Australia', 'moi_curie': 'HP:0000007', 'classification': 'Strong', 'classification_scheme': 'GenCC gene-disease validity classification'}]"	7
35710	RPL11	ENSG00000142676	HGNC:10301	MONDO:0012938	Diamond-Blackfan anemia 7	[{'label': 'Decreased total neutrophil count', 'term_id': 'HP:0001875'}]	['Autosomal dominant']	['HP:0000006']	['Definitive', 'Strong']	['G2P', 'Labcorp Genetics (formerly Invitae)', 'PanelApp Australia']	[{'moi': 'Autosomal dominant', 'source': 'G2P', 'moi_curie': 'HP:0000006', 'classification': 'Definitive', 'classification_scheme': 'GenCC gene-disease validity classification'}, {'moi': 'Autosomal dominant', 'source': 'Labcorp Genetics (formerly Invitae)', 'moi_curie': 'HP:0000006', 'classification': 'Strong', 'classification_scheme': 'GenCC gene-disease validity classification'}, {'moi': 'Autosomal dominant', 'source': 'PanelApp Australia', 'moi_curie': 'HP:0000006', 'classification': 'Strong', 'classification_scheme': 'GenCC gene-disease validity classification'}]	3
35891	RPL18	ENSG00000063177	HGNC:10310	MONDO:0032668	Diamond-Blackfan anemia 18	[{'label': 'Decreased total neutrophil count', 'term_id': 'HP:0001875'}]	['Autosomal dominant', 'Unknown']	['HP:0000005', 'HP:0000006']	['Limited', 'Moderate']	['Ambry Genetics', 'Labcorp Genetics (formerly Invitae)', 'PanelApp Australia']	[{'moi': 'Autosomal dominant', 'source': 'Ambry Genetics', 'moi_curie': 'HP:0000006', 'classification': 'Limited', 'classification_scheme': 'GenCC gene-disease validity classification'}, {'moi': 'Autosomal dominant', 'source': 'PanelApp Australia', 'moi_curie': 'HP:0000006', 'classification': 'Moderate', 'classification_scheme': 'GenCC gene-disease validity classification'}, {'moi': 'Unknown', 'source': 'Labcorp Genetics (formerly Invitae)', 'moi_curie': 'HP:0000005', 'classification': 'Limited', 'classification_scheme': 'GenCC gene-disease validity classification'}]	3
36223	RPL26	ENSG00000161970	HGNC:10327	MONDO:0013964	Diamond-Blackfan anemia 11	[{'label': 'Decreased total neutrophil count', 'term_id': 'HP:0001875'}]	['Autosomal dominant']	['HP:0000006']	['Limited', 'Moderate', 'Strong']	['Ambry Genetics', 'G2P', 'Labcorp Genetics (formerly Invitae)', 'PanelApp Australia']	[{'moi': 'Autosomal dominant', 'source': 'Ambry Genetics', 'moi_curie': 'HP:0000006', 'classification': 'Limited', 'classification_scheme': 'GenCC gene-disease validity classification'}, {'moi': 'Autosomal dominant', 'source': 'Ambry Genetics', 'moi_curie': 'HP:0000006', 'classification': 'Moderate', 'classification_scheme': 'GenCC gene-disease validity classification'}, {'moi': 'Autosomal dominant', 'source': 'G2P', 'moi_curie': 'HP:0000006', 'classification': 'Moderate', 'classification_scheme': 'GenCC gene-disease validity classification'}, {'moi': 'Autosomal dominant', 'source': 'Labcorp Genetics (formerly Invitae)', 'moi_curie': 'HP:0000006', 'classification': 'Strong', 'classification_scheme': 'GenCC gene-disease validity classification'}, {'moi': 'Autosomal dominant', 'source': 'PanelApp Australia', 'moi_curie': 'HP:0000006', 'classification': 'Strong', 'classification_scheme': 'GenCC gene-disease validity classification'}]	5
37139	RPS17	ENSG00000182774	HGNC:10397	MONDO:0012924	Diamond-Blackfan anemia 4	[{'label': 'Decreased total neutrophil count', 'term_id': 'HP:0001875'}]	['Autosomal dominant']	['HP:0000006']	['Strong']	['Ambry Genetics', 'Labcorp Genetics (formerly Invitae)', 'PanelApp Australia']	[{'moi': 'Autosomal dominant', 'source': 'Ambry Genetics', 'moi_curie': 'HP:0000006', 'classification': 'Strong', 'classification_scheme': 'GenCC gene-disease validity classification'}, {'moi': 'Autosomal dominant', 'source': 'Labcorp Genetics (formerly Invitae)', 'moi_curie': 'HP:0000006', 'classification': 'Strong', 'classification_scheme': 'GenCC gene-disease validity classification'}, {'moi': 'Autosomal dominant', 'source': 'PanelApp Australia', 'moi_curie': 'HP:0000006', 'classification': 'Strong', 'classification_scheme': 'GenCC gene-disease validity classification'}]	3
37171	RPS19	ENSG00000105372	HGNC:10402	MONDO:0007110	Diamond-Blackfan anemia 1	[{'label': 'Decreased total neutrophil count', 'term_id': 'HP:0001875'}]	['Autosomal dominant']	['HP:0000006']	['Definitive', 'Strong']	['Ambry Genetics', 'G2P', 'Labcorp Genetics (formerly Invitae)', 'PanelApp Australia']	[{'moi': 'Autosomal dominant', 'source': 'Ambry Genetics', 'moi_curie': 'HP:0000006', 'classification': 'Definitive', 'classification_scheme': 'GenCC gene-disease validity classification'}, {'moi': 'Autosomal dominant', 'source': 'G2P', 'moi_curie': 'HP:0000006', 'classification': 'Definitive', 'classification_scheme': 'GenCC gene-disease validity classification'}, {'moi': 'Autosomal dominant', 'source': 'Labcorp Genetics (formerly Invitae)', 'moi_curie': 'HP:0000006', 'classification': 'Strong', 'classification_scheme': 'GenCC gene-disease validity classification'}, {'moi': 'Autosomal dominant', 'source': 'PanelApp Australia', 'moi_curie': 'HP:0000006', 'classification': 'Strong', 'classification_scheme': 'GenCC gene-disease validity classification'}]	4
36952	RPS7	ENSG00000171863	HGNC:10440	MONDO:0012939	Diamond-Blackfan anemia 8	[{'label': 'Decreased total neutrophil count', 'term_id': 'HP:0001875'}]	['Autosomal dominant']	['HP:0000006']	['Strong']	['Labcorp Genetics (formerly Invitae)', 'PanelApp Australia']	[{'moi': 'Autosomal dominant', 'source': 'Labcorp Genetics (formerly Invitae)', 'moi_curie': 'HP:0000006', 'classification': 'Strong', 'classification_scheme': 'GenCC gene-disease validity classification'}, {'moi': 'Autosomal dominant', 'source': 'PanelApp Australia', 'moi_curie': 'HP:0000006', 'classification': 'Strong', 'classification_scheme': 'GenCC gene-disease validity classification'}]	2
37779	SAMD9	ENSG00000205413	HGNC:1348	MONDO:0030801	monosomy 7 myelodysplasia and leukemia syndrome 2	[{'label': 'Decreased total neutrophil count', 'term_id': 'HP:0001875'}]	['Autosomal dominant', 'Unknown']	['HP:0000005', 'HP:0000006']	['Limited', 'Strong']	['Ambry Genetics', 'Labcorp Genetics (formerly Invitae)', 'PanelApp Australia']	[{'moi': 'Autosomal dominant', 'source': 'Ambry Genetics', 'moi_curie': 'HP:0000006', 'classification': 'Limited', 'classification_scheme': 'GenCC gene-disease validity classification'}, {'moi': 'Autosomal dominant', 'source': 'PanelApp Australia', 'moi_curie': 'HP:0000006', 'classification': 'Strong', 'classification_scheme': 'GenCC gene-disease validity classification'}, {'moi': 'Unknown', 'source': 'Labcorp Genetics (formerly Invitae)', 'moi_curie': 'HP:0000005', 'classification': 'Limited', 'classification_scheme': 'GenCC gene-disease validity classification'}]	3
37780	SAMD9L	ENSG00000177409	HGNC:1349	MONDO:0008038	ataxia-pancytopenia syndrome	[{'label': 'Decreased total neutrophil count', 'term_id': 'HP:0001875'}]	['Autosomal dominant']	['HP:0000006']	['Definitive', 'Strong']	['Ambry Genetics', 'G2P', 'Labcorp Genetics (formerly Invitae)', 'Orphanet', 'PanelApp Australia']	[{'source': 'Orphanet'}, {'moi': 'Autosomal dominant', 'source': 'Ambry Genetics', 'moi_curie': 'HP:0000006', 'classification': 'Definitive', 'classification_scheme': 'GenCC gene-disease validity classification'}, {'moi': 'Autosomal dominant', 'source': 'G2P', 'moi_curie': 'HP:0000006', 'classification': 'Definitive', 'classification_scheme': 'GenCC gene-disease validity classification'}, {'moi': 'Autosomal dominant', 'source': 'Labcorp Genetics (formerly Invitae)', 'moi_curie': 'HP:0000006', 'classification': 'Strong', 'classification_scheme': 'GenCC gene-disease validity classification'}, {'moi': 'Autosomal dominant', 'source': 'PanelApp Australia', 'moi_curie': 'HP:0000006', 'classification': 'Strong', 'classification_scheme': 'GenCC gene-disease validity classification'}]	5
37832	SASH3	ENSG00000122122	HGNC:15975	MONDO:0024781	immunodeficiency 102	[{'label': 'Autoimmune neutropenia', 'term_id': 'HP:0001904'}]	['X-linked']	['HP:0001417']	['Definitive', 'Strong']	['Ambry Genetics', 'Labcorp Genetics (formerly Invitae)', 'Orphanet', 'PanelApp Australia']	[{'source': 'Orphanet'}, {'moi': 'X-linked', 'source': 'Ambry Genetics', 'moi_curie': 'HP:0001417', 'classification': 'Definitive', 'classification_scheme': 'GenCC gene-disease validity classification'}, {'moi': 'X-linked', 'source': 'Labcorp Genetics (formerly Invitae)', 'moi_curie': 'HP:0001417', 'classification': 'Strong', 'classification_scheme': 'GenCC gene-disease validity classification'}, {'moi': 'X-linked', 'source': 'PanelApp Australia', 'moi_curie': 'HP:0001417', 'classification': 'Strong', 'classification_scheme': 'GenCC gene-disease validity classification'}]	4
37850	SBDS	ENSG00000126524	HGNC:19440	MONDO:0044204	Shwachman-Diamond syndrome 1	[{'label': 'Decreased total neutrophil count', 'term_id': 'HP:0001875'}]	['Autosomal recessive']	['HP:0000007']	['Definitive', 'Strong']	['G2P', 'Labcorp Genetics (formerly Invitae)', 'PanelApp Australia']	[{'moi': 'Autosomal recessive', 'source': 'G2P', 'moi_curie': 'HP:0000007', 'classification': 'Definitive', 'classification_scheme': 'GenCC gene-disease validity classification'}, {'moi': 'Autosomal recessive', 'source': 'Labcorp Genetics (formerly Invitae)', 'moi_curie': 'HP:0000007', 'classification': 'Strong', 'classification_scheme': 'GenCC gene-disease validity classification'}, {'moi': 'Autosomal recessive', 'source': 'PanelApp Australia', 'moi_curie': 'HP:0000007', 'classification': 'Strong', 'classification_scheme': 'GenCC gene-disease validity classification'}]	3
37994	SCO2	ENSG00000284194	HGNC:10604	MONDO:0011451	cardioencephalomyopathy, fatal infantile, due to cytochrome c oxidase deficiency 1	[{'label': 'Decreased total neutrophil count', 'term_id': 'HP:0001875'}]	['Autosomal recessive']	['HP:0000007']	['Definitive', 'Strong']	['G2P', 'Labcorp Genetics (formerly Invitae)', 'PanelApp Australia']	[{'moi': 'Autosomal recessive', 'source': 'G2P', 'moi_curie': 'HP:0000007', 'classification': 'Definitive', 'classification_scheme': 'GenCC gene-disease validity classification'}, {'moi': 'Autosomal recessive', 'source': 'Labcorp Genetics (formerly Invitae)', 'moi_curie': 'HP:0000007', 'classification': 'Strong', 'classification_scheme': 'GenCC gene-disease validity classification'}, {'moi': 'Autosomal recessive', 'source': 'PanelApp Australia', 'moi_curie': 'HP:0000007', 'classification': 'Strong', 'classification_scheme': 'GenCC gene-disease validity classification'}]	3
38136	SEC61A1	ENSG00000058262	HGNC:18276	MONDO:0014891	hyperuricemic nephropathy, familial juvenile type 4	[{'label': 'Decreased total neutrophil count', 'term_id': 'HP:0001875'}]	['Autosomal dominant']	['HP:0000006']	['Limited', 'Moderate', 'Strong']	['Ambry Genetics', 'G2P', 'Labcorp Genetics (formerly Invitae)', 'PanelApp Australia']	[{'moi': 'Autosomal dominant', 'source': 'Ambry Genetics', 'moi_curie': 'HP:0000006', 'classification': 'Moderate', 'classification_scheme': 'GenCC gene-disease validity classification'}, {'moi': 'Autosomal dominant', 'source': 'G2P', 'moi_curie': 'HP:0000006', 'classification': 'Limited', 'classification_scheme': 'GenCC gene-disease validity classification'}, {'moi': 'Autosomal dominant', 'source': 'Labcorp Genetics (formerly Invitae)', 'moi_curie': 'HP:0000006', 'classification': 'Strong', 'classification_scheme': 'GenCC gene-disease validity classification'}, {'moi': 'Autosomal dominant', 'source': 'PanelApp Australia', 'moi_curie': 'HP:0000006', 'classification': 'Strong', 'classification_scheme': 'GenCC gene-disease validity classification'}]	4
38494	SH2D1A	ENSG00000183918	HGNC:10820	MONDO:0024551	X-linked lymphoproliferative disease due to SH2D1A deficiency	[{'label': 'Decreased total neutrophil count', 'term_id': 'HP:0001875'}]	['XL', 'X-linked']	['HP:0001417']	['Definitive', 'Strong']	['ClinGen', 'G2P', 'Labcorp Genetics (formerly Invitae)', 'Orphanet', 'PanelApp Australia']	[{'source': 'Orphanet'}, {'moi': 'XL', 'source': 'ClinGen', 'classification': 'Definitive', 'classification_scheme': 'ClinGen Gene-Disease Validity'}, {'moi': 'X-linked', 'source': 'G2P', 'moi_curie': 'HP:0001417', 'classification': 'Strong', 'classification_scheme': 'GenCC gene-disease validity classification'}, {'moi': 'X-linked', 'source': 'Labcorp Genetics (formerly Invitae)', 'moi_curie': 'HP:0001417', 'classification': 'Strong', 'classification_scheme': 'GenCC gene-disease validity classification'}, {'moi': 'X-linked', 'source': 'PanelApp Australia', 'moi_curie': 'HP:0001417', 'classification': 'Strong', 'classification_scheme': 'GenCC gene-disease validity classification'}]	5
39141	SLC35A1	ENSG00000164414	HGNC:11021	MONDO:0011342	SLC35A1-congenital disorder of glycosylation	[{'label': 'Decreased total neutrophil count', 'term_id': 'HP:0001875'}]	['AR', 'Autosomal recessive']	['HP:0000007']	['Moderate', 'Strong']	['ClinGen', 'G2P', 'Labcorp Genetics (formerly Invitae)', 'Orphanet', 'PanelApp Australia']	[{'source': 'Orphanet'}, {'moi': 'AR', 'source': 'ClinGen', 'classification': 'Moderate', 'classification_scheme': 'ClinGen Gene-Disease Validity'}, {'moi': 'Autosomal recessive', 'source': 'G2P', 'moi_curie': 'HP:0000007', 'classification': 'Strong', 'classification_scheme': 'GenCC gene-disease validity classification'}, {'moi': 'Autosomal recessive', 'source': 'Labcorp Genetics (formerly Invitae)', 'moi_curie': 'HP:0000007', 'classification': 'Strong', 'classification_scheme': 'GenCC gene-disease validity classification'}, {'moi': 'Autosomal recessive', 'source': 'PanelApp Australia', 'moi_curie': 'HP:0000007', 'classification': 'Strong', 'classification_scheme': 'GenCC gene-disease validity classification'}]	5
39184	SLC37A4	ENSG00000137700	HGNC:4061	MONDO:0009288	glycogen storage disease Ib	[{'label': 'Cyclically decreased total neutrophil count', 'term_id': 'HP:0040289'}, {'label': 'Decreased total neutrophil count', 'term_id': 'HP:0001875'}]	['Autosomal recessive']	['HP:0000007']	['Definitive', 'Strong']	['G2P', 'Genomics England PanelApp', 'Labcorp Genetics (formerly Invitae)', 'Natera', 'Orphanet', 'PanelApp Australia']	[{'source': 'Orphanet'}, {'moi': 'Autosomal recessive', 'source': 'G2P', 'moi_curie': 'HP:0000007', 'classification': 'Definitive', 'classification_scheme': 'GenCC gene-disease validity classification'}, {'moi': 'Autosomal recessive', 'source': 'Genomics England PanelApp', 'moi_curie': 'HP:0000007', 'classification': 'Strong', 'classification_scheme': 'GenCC gene-disease validity classification'}, {'moi': 'Autosomal recessive', 'source': 'Labcorp Genetics (formerly Invitae)', 'moi_curie': 'HP:0000007', 'classification': 'Strong', 'classification_scheme': 'GenCC gene-disease validity classification'}, {'moi': 'Autosomal recessive', 'source': 'Natera', 'moi_curie': 'HP:0000007', 'classification': 'Definitive', 'classification_scheme': 'GenCC gene-disease validity classification'}, {'moi': 'Autosomal recessive', 'source': 'PanelApp Australia', 'moi_curie': 'HP:0000007', 'classification': 'Strong', 'classification_scheme': 'GenCC gene-disease validity classification'}]	8
39237	SLC46A1	ENSG00000076351	HGNC:30521	MONDO:0009238	hereditary folate malabsorption	[{'label': 'Decreased total neutrophil count', 'term_id': 'HP:0001875'}]	['Autosomal recessive']	['HP:0000007']	['Definitive', 'Strong']	['Ambry Genetics', 'G2P', 'Labcorp Genetics (formerly Invitae)', 'Orphanet', 'PanelApp Australia']	[{'source': 'Orphanet'}, {'moi': 'Autosomal recessive', 'source': 'Ambry Genetics', 'moi_curie': 'HP:0000007', 'classification': 'Strong', 'classification_scheme': 'GenCC gene-disease validity classification'}, {'moi': 'Autosomal recessive', 'source': 'G2P', 'moi_curie': 'HP:0000007', 'classification': 'Definitive', 'classification_scheme': 'GenCC gene-disease validity classification'}, {'moi': 'Autosomal recessive', 'source': 'Labcorp Genetics (formerly Invitae)', 'moi_curie': 'HP:0000007', 'classification': 'Strong', 'classification_scheme': 'GenCC gene-disease validity classification'}, {'moi': 'Autosomal recessive', 'source': 'PanelApp Australia', 'moi_curie': 'HP:0000007', 'classification': 'Strong', 'classification_scheme': 'GenCC gene-disease validity classification'}]	5
39367	SMARCAL1	ENSG00000138375	HGNC:11102	MONDO:0009458	Schimke immuno-osseous dysplasia	[{'label': 'Decreased total neutrophil count', 'term_id': 'HP:0001875'}]	['AR', 'Autosomal recessive']	['HP:0000007']	['Definitive', 'Strong']	['ClinGen', 'G2P', 'Labcorp Genetics (formerly Invitae)', 'Natera', 'Orphanet', 'PanelApp Australia']	[{'source': 'Orphanet'}, {'moi': 'AR', 'source': 'ClinGen', 'classification': 'Definitive', 'classification_scheme': 'ClinGen Gene-Disease Validity'}, {'moi': 'Autosomal recessive', 'source': 'G2P', 'moi_curie': 'HP:0000007', 'classification': 'Definitive', 'classification_scheme': 'GenCC gene-disease validity classification'}, {'moi': 'Autosomal recessive', 'source': 'Labcorp Genetics (formerly Invitae)', 'moi_curie': 'HP:0000007', 'classification': 'Strong', 'classification_scheme': 'GenCC gene-disease validity classification'}, {'moi': 'Autosomal recessive', 'source': 'Natera', 'moi_curie': 'HP:0000007', 'classification': 'Definitive', 'classification_scheme': 'GenCC gene-disease validity classification'}, {'moi': 'Autosomal recessive', 'source': 'PanelApp Australia', 'moi_curie': 'HP:0000007', 'classification': 'Strong', 'classification_scheme': 'GenCC gene-disease validity classification'}]	6
39373	SMARCD2	ENSG00000108604	HGNC:11107	MONDO:0044208	specific granule deficiency 2	[{'label': 'Decreased total neutrophil count', 'term_id': 'HP:0001875'}]	['Autosomal recessive']	['HP:0000007']	['Strong']	['Labcorp Genetics (formerly Invitae)', 'PanelApp Australia']	[{'moi': 'Autosomal recessive', 'source': 'Labcorp Genetics (formerly Invitae)', 'moi_curie': 'HP:0000007', 'classification': 'Strong', 'classification_scheme': 'GenCC gene-disease validity classification'}, {'moi': 'Autosomal recessive', 'source': 'PanelApp Australia', 'moi_curie': 'HP:0000007', 'classification': 'Strong', 'classification_scheme': 'GenCC gene-disease validity classification'}]	2
41512	SPI1	ENSG00000066336	HGNC:11241	MONDO:0030529	agammaglobulinemia 10, autosomal dominant	[{'label': 'Transiently decreased total neutrophil count', 'term_id': 'HP:0410255'}]	['AD', 'Autosomal dominant']	['HP:0000006']	['Definitive', 'Strong']	['ClinGen', 'Labcorp Genetics (formerly Invitae)', 'PanelApp Australia']	[{'moi': 'AD', 'source': 'ClinGen', 'classification': 'Definitive', 'classification_scheme': 'ClinGen Gene-Disease Validity'}, {'moi': 'Autosomal dominant', 'source': 'Labcorp Genetics (formerly Invitae)', 'moi_curie': 'HP:0000006', 'classification': 'Strong', 'classification_scheme': 'GenCC gene-disease validity classification'}, {'moi': 'Autosomal dominant', 'source': 'PanelApp Australia', 'moi_curie': 'HP:0000006', 'classification': 'Strong', 'classification_scheme': 'GenCC gene-disease validity classification'}]	3
41713	SRP54	ENSG00000100883	HGNC:11301	MONDO:0032899	neutropenia, severe congenital, 8, autosomal dominant	[{'label': 'Decreased total neutrophil count', 'term_id': 'HP:0001875'}]	['Autosomal dominant']	['HP:0000006']	['Strong']	['G2P', 'Labcorp Genetics (formerly Invitae)', 'Orphanet', 'PanelApp Australia']	[{'source': 'Orphanet'}, {'moi': 'Autosomal dominant', 'source': 'G2P', 'moi_curie': 'HP:0000006', 'classification': 'Strong', 'classification_scheme': 'GenCC gene-disease validity classification'}, {'moi': 'Autosomal dominant', 'source': 'Labcorp Genetics (formerly Invitae)', 'moi_curie': 'HP:0000006', 'classification': 'Strong', 'classification_scheme': 'GenCC gene-disease validity classification'}, {'moi': 'Autosomal dominant', 'source': 'PanelApp Australia', 'moi_curie': 'HP:0000006', 'classification': 'Strong', 'classification_scheme': 'GenCC gene-disease validity classification'}]	4
41715	SRP68	ENSG00000167881	HGNC:11302	MONDO:0957809	neutropenia, severe congenital, 10, autosomal recessive	[{'label': 'Decreased total neutrophil count', 'term_id': 'HP:0001875'}]	['Autosomal recessive']	['HP:0000007']	['Limited', 'Moderate']	['Ambry Genetics', 'PanelApp Australia']	[{'moi': 'Autosomal recessive', 'source': 'Ambry Genetics', 'moi_curie': 'HP:0000007', 'classification': 'Limited', 'classification_scheme': 'GenCC gene-disease validity classification'}, {'moi': 'Autosomal recessive', 'source': 'PanelApp Australia', 'moi_curie': 'HP:0000007', 'classification': 'Moderate', 'classification_scheme': 'GenCC gene-disease validity classification'}]	2
41974	STAT3	ENSG00000168610	HGNC:11364	MONDO:0014414	STAT3-related early-onset multisystem autoimmune disease	[{'label': 'Autoimmune neutropenia', 'term_id': 'HP:0001904'}]	['AD', 'Autosomal dominant']	['HP:0000006']	['Definitive', 'Strong']	['ClinGen', 'Genomics England PanelApp', 'Labcorp Genetics (formerly Invitae)', 'Orphanet', 'PanelApp Australia']	[{'source': 'Orphanet'}, {'moi': 'AD', 'source': 'ClinGen', 'classification': 'Definitive', 'classification_scheme': 'ClinGen Gene-Disease Validity'}, {'moi': 'Autosomal dominant', 'source': 'Genomics England PanelApp', 'moi_curie': 'HP:0000006', 'classification': 'Strong', 'classification_scheme': 'GenCC gene-disease validity classification'}, {'moi': 'Autosomal dominant', 'source': 'Labcorp Genetics (formerly Invitae)', 'moi_curie': 'HP:0000006', 'classification': 'Strong', 'classification_scheme': 'GenCC gene-disease validity classification'}, {'moi': 'Autosomal dominant', 'source': 'PanelApp Australia', 'moi_curie': 'HP:0000006', 'classification': 'Strong', 'classification_scheme': 'GenCC gene-disease validity classification'}]	5
41975	STAT4	ENSG00000138378	HGNC:11365	MONDO:0957497	disabling pansclerotic morphea of childhood	[{'label': 'Decreased total neutrophil count', 'term_id': 'HP:0001875'}]	['Autosomal dominant']	['HP:0000006']	['Limited', 'Strong']	['Ambry Genetics', 'PanelApp Australia']	[{'moi': 'Autosomal dominant', 'source': 'Ambry Genetics', 'moi_curie': 'HP:0000006', 'classification': 'Limited', 'classification_scheme': 'GenCC gene-disease validity classification'}, {'moi': 'Autosomal dominant', 'source': 'PanelApp Australia', 'moi_curie': 'HP:0000006', 'classification': 'Strong', 'classification_scheme': 'GenCC gene-disease validity classification'}]	2
42013	STK4	ENSG00000101109	HGNC:11408	MONDO:0013934	combined immunodeficiency due to STK4 deficiency	[{'label': 'Decreased total neutrophil count', 'term_id': 'HP:0001875'}]	['AR', 'Autosomal recessive']	['HP:0000007']	['Definitive', 'Strong']	['Ambry Genetics', 'ClinGen', 'Labcorp Genetics (formerly Invitae)', 'Orphanet', 'PanelApp Australia']	[{'source': 'Orphanet'}, {'moi': 'AR', 'source': 'ClinGen', 'classification': 'Definitive', 'classification_scheme': 'ClinGen Gene-Disease Validity'}, {'moi': 'Autosomal recessive', 'source': 'Ambry Genetics', 'moi_curie': 'HP:0000007', 'classification': 'Definitive', 'classification_scheme': 'GenCC gene-disease validity classification'}, {'moi': 'Autosomal recessive', 'source': 'Labcorp Genetics (formerly Invitae)', 'moi_curie': 'HP:0000007', 'classification': 'Strong', 'classification_scheme': 'GenCC gene-disease validity classification'}, {'moi': 'Autosomal recessive', 'source': 'PanelApp Australia', 'moi_curie': 'HP:0000007', 'classification': 'Strong', 'classification_scheme': 'GenCC gene-disease validity classification'}]	5
42108	STX11	ENSG00000135604	HGNC:11429	MONDO:0011336	familial hemophagocytic lymphohistiocytosis 4	[{'label': 'Decreased total neutrophil count', 'term_id': 'HP:0001875'}]	['AR', 'Autosomal recessive']	['HP:0000007']	['Definitive', 'Strong']	['ClinGen', 'Labcorp Genetics (formerly Invitae)', 'PanelApp Australia']	[{'moi': 'AR', 'source': 'ClinGen', 'classification': 'Definitive', 'classification_scheme': 'ClinGen Gene-Disease Validity'}, {'moi': 'Autosomal recessive', 'source': 'Labcorp Genetics (formerly Invitae)', 'moi_curie': 'HP:0000007', 'classification': 'Strong', 'classification_scheme': 'GenCC gene-disease validity classification'}, {'moi': 'Autosomal recessive', 'source': 'PanelApp Australia', 'moi_curie': 'HP:0000007', 'classification': 'Strong', 'classification_scheme': 'GenCC gene-disease validity classification'}]	3
42462	TAFAZZIN	ENSG00000102125	HGNC:11577	MONDO:0010543	Barth syndrome	[{'label': 'Cyclically decreased total neutrophil count', 'term_id': 'HP:0040289'}, {'label': 'Decreased total neutrophil count', 'term_id': 'HP:0001875'}]	['XL', 'X-linked']	['HP:0001417']	['Definitive', 'Strong']	['ClinGen', 'G2P', 'Labcorp Genetics (formerly Invitae)', 'Orphanet', 'PanelApp Australia']	[{'source': 'Orphanet'}, {'moi': 'XL', 'source': 'ClinGen', 'classification': 'Definitive', 'classification_scheme': 'ClinGen Gene-Disease Validity'}, {'moi': 'X-linked', 'source': 'G2P', 'moi_curie': 'HP:0001417', 'classification': 'Definitive', 'classification_scheme': 'GenCC gene-disease validity classification'}, {'moi': 'X-linked', 'source': 'Labcorp Genetics (formerly Invitae)', 'moi_curie': 'HP:0001417', 'classification': 'Strong', 'classification_scheme': 'GenCC gene-disease validity classification'}, {'moi': 'X-linked', 'source': 'PanelApp Australia', 'moi_curie': 'HP:0001417', 'classification': 'Strong', 'classification_scheme': 'GenCC gene-disease validity classification'}]	5
42746	TCN2	ENSG00000185339	HGNC:11653	MONDO:0010149	transcobalamin II deficiency	[{'label': 'Decreased total neutrophil count', 'term_id': 'HP:0001875'}]	['AR', 'Autosomal recessive']	['HP:0000007']	['Definitive', 'Strong']	['Ambry Genetics', 'ClinGen', 'G2P', 'Labcorp Genetics (formerly Invitae)', 'Orphanet', 'PanelApp Australia']	[{'source': 'Orphanet'}, {'moi': 'AR', 'source': 'ClinGen', 'classification': 'Definitive', 'classification_scheme': 'ClinGen Gene-Disease Validity'}, {'moi': 'Autosomal recessive', 'source': 'Ambry Genetics', 'moi_curie': 'HP:0000007', 'classification': 'Definitive', 'classification_scheme': 'GenCC gene-disease validity classification'}, {'moi': 'Autosomal recessive', 'source': 'G2P', 'moi_curie': 'HP:0000007', 'classification': 'Definitive', 'classification_scheme': 'GenCC gene-disease validity classification'}, {'moi': 'Autosomal recessive', 'source': 'Labcorp Genetics (formerly Invitae)', 'moi_curie': 'HP:0000007', 'classification': 'Strong', 'classification_scheme': 'GenCC gene-disease validity classification'}, {'moi': 'Autosomal recessive', 'source': 'PanelApp Australia', 'moi_curie': 'HP:0000007', 'classification': 'Strong', 'classification_scheme': 'GenCC gene-disease validity classification'}]	6
42771	TDP2	ENSG00000111802	HGNC:17768	MONDO:0014846	spinocerebellar ataxia, autosomal recessive 23	[{'label': 'Decreased total neutrophil count', 'term_id': 'HP:0001875'}]	['Autosomal recessive']	['HP:0000007']	['Definitive', 'Moderate', 'Strong']	['Ambry Genetics', 'ClinGen', 'G2P', 'Labcorp Genetics (formerly Invitae)', 'Orphanet', 'PanelApp Australia']	[{'source': 'Orphanet'}, {'moi': 'Autosomal recessive', 'source': 'Ambry Genetics', 'moi_curie': 'HP:0000007', 'classification': 'Strong', 'classification_scheme': 'GenCC gene-disease validity classification'}, {'moi': 'Autosomal recessive', 'source': 'ClinGen', 'moi_curie': 'HP:0000007', 'classification': 'Definitive', 'classification_scheme': 'GenCC gene-disease validity classification'}, {'moi': 'Autosomal recessive', 'source': 'G2P', 'moi_curie': 'HP:0000007', 'classification': 'Moderate', 'classification_scheme': 'GenCC gene-disease validity classification'}, {'moi': 'Autosomal recessive', 'source': 'Labcorp Genetics (formerly Invitae)', 'moi_curie': 'HP:0000007', 'classification': 'Strong', 'classification_scheme': 'GenCC gene-disease validity classification'}, {'moi': 'Autosomal recessive', 'source': 'PanelApp Australia', 'moi_curie': 'HP:0000007', 'classification': 'Strong', 'classification_scheme': 'GenCC gene-disease validity classification'}]	6
42862	TERT	ENSG00000164362	HGNC:11730	MONDO:0013521	dyskeratosis congenita, autosomal dominant 2	[{'label': 'Decreased total neutrophil count', 'term_id': 'HP:0001875'}]	['Autosomal dominant', 'Autosomal recessive', 'SD', 'Semidominant', 'Unknown']	['HP:0000005', 'HP:0000006', 'HP:0000007', 'HP:0032113']	['Definitive', 'Moderate', 'Strong']	['Ambry Genetics', 'ClinGen', 'G2P', 'Genomics England PanelApp', 'Labcorp Genetics (formerly Invitae)', 'Laboratory for Molecular Medicine', 'PanelApp Australia']	[{'moi': 'SD', 'source': 'ClinGen', 'classification': 'Definitive', 'classification_scheme': 'ClinGen Gene-Disease Validity'}, {'moi': 'Autosomal dominant', 'source': 'G2P', 'moi_curie': 'HP:0000006', 'classification': 'Strong', 'classification_scheme': 'GenCC gene-disease validity classification'}, {'moi': 'Autosomal dominant', 'source': 'Genomics England PanelApp', 'moi_curie': 'HP:0000006', 'classification': 'Moderate', 'classification_scheme': 'GenCC gene-disease validity classification'}, {'moi': 'Autosomal dominant', 'source': 'Labcorp Genetics (formerly Invitae)', 'moi_curie': 'HP:0000006', 'classification': 'Strong', 'classification_scheme': 'GenCC gene-disease validity classification'}, {'moi': 'Autosomal recessive', 'source': 'Ambry Genetics', 'moi_curie': 'HP:0000007', 'classification': 'Definitive', 'classification_scheme': 'GenCC gene-disease validity classification'}, {'moi': 'Autosomal recessive', 'source': 'G2P', 'moi_curie': 'HP:0000007', 'classification': 'Strong', 'classification_scheme': 'GenCC gene-disease validity classification'}, {'moi': 'Autosomal recessive', 'source': 'Genomics England PanelApp', 'moi_curie': 'HP:0000007', 'classification': 'Moderate', 'classification_scheme': 'GenCC gene-disease validity classification'}, {'moi': 'Autosomal recessive', 'source': 'Labcorp Genetics (formerly Invitae)', 'moi_curie': 'HP:0000007', 'classification': 'Strong', 'classification_scheme': 'GenCC gene-disease validity classification'}, {'moi': 'Semidominant', 'source': 'Ambry Genetics', 'moi_curie': 'HP:0032113', 'classification': 'Definitive', 'classification_scheme': 'GenCC gene-disease validity classification'}, {'moi': 'Semidominant', 'source': 'PanelApp Australia', 'moi_curie': 'HP:0032113', 'classification': 'Strong', 'classification_scheme': 'GenCC gene-disease validity classification'}, {'moi': 'Unknown', 'source': 'Laboratory for Molecular Medicine', 'moi_curie': 'HP:0000005', 'classification': 'Definitive', 'classification_scheme': 'GenCC gene-disease validity classification'}]	11
42963	TFR2	ENSG00000106327	HGNC:11762	MONDO:0011417	hemochromatosis type 3	[{'label': 'Decreased total neutrophil count', 'term_id': 'HP:0001875'}]	['AR', 'Autosomal recessive']	['HP:0000007']	['Definitive', 'Strong']	['Ambry Genetics', 'ClinGen', 'G2P', 'Genomics England PanelApp', 'Labcorp Genetics (formerly Invitae)', 'Natera', 'Orphanet', 'PanelApp Australia']	[{'source': 'Orphanet'}, {'moi': 'AR', 'source': 'ClinGen', 'classification': 'Definitive', 'classification_scheme': 'ClinGen Gene-Disease Validity'}, {'moi': 'Autosomal recessive', 'source': 'Ambry Genetics', 'moi_curie': 'HP:0000007', 'classification': 'Definitive', 'classification_scheme': 'GenCC gene-disease validity classification'}, {'moi': 'Autosomal recessive', 'source': 'G2P', 'moi_curie': 'HP:0000007', 'classification': 'Definitive', 'classification_scheme': 'GenCC gene-disease validity classification'}, {'moi': 'Autosomal recessive', 'source': 'Genomics England PanelApp', 'moi_curie': 'HP:0000007', 'classification': 'Strong', 'classification_scheme': 'GenCC gene-disease validity classification'}, {'moi': 'Autosomal recessive', 'source': 'Labcorp Genetics (formerly Invitae)', 'moi_curie': 'HP:0000007', 'classification': 'Strong', 'classification_scheme': 'GenCC gene-disease validity classification'}, {'moi': 'Autosomal recessive', 'source': 'Natera', 'moi_curie': 'HP:0000007', 'classification': 'Definitive', 'classification_scheme': 'GenCC gene-disease validity classification'}, {'moi': 'Autosomal recessive', 'source': 'PanelApp Australia', 'moi_curie': 'HP:0000007', 'classification': 'Strong', 'classification_scheme': 'GenCC gene-disease validity classification'}]	8
42964	TFRC	ENSG00000072274	HGNC:11763	MONDO:0014760	TFRC-related combined immunodeficiency	[{'label': 'Decreased total neutrophil count', 'term_id': 'HP:0001875'}]	['AR', 'Autosomal recessive', 'Unknown']	['HP:0000005', 'HP:0000007']	['Definitive', 'Limited', 'Moderate']	['ClinGen', 'G2P', 'Labcorp Genetics (formerly Invitae)', 'Orphanet', 'PanelApp Australia']	[{'source': 'Orphanet'}, {'moi': 'AR', 'source': 'ClinGen', 'classification': 'Definitive', 'classification_scheme': 'ClinGen Gene-Disease Validity'}, {'moi': 'Autosomal recessive', 'source': 'G2P', 'moi_curie': 'HP:0000007', 'classification': 'Limited', 'classification_scheme': 'GenCC gene-disease validity classification'}, {'moi': 'Autosomal recessive', 'source': 'PanelApp Australia', 'moi_curie': 'HP:0000007', 'classification': 'Moderate', 'classification_scheme': 'GenCC gene-disease validity classification'}, {'moi': 'Unknown', 'source': 'Labcorp Genetics (formerly Invitae)', 'moi_curie': 'HP:0000005', 'classification': 'Limited', 'classification_scheme': 'GenCC gene-disease validity classification'}]	5
43162	TINF2	ENSG00000092330	HGNC:11824	MONDO:0013522	dyskeratosis congenita, autosomal dominant 3	[{'label': 'Decreased total neutrophil count', 'term_id': 'HP:0001875'}]	['AD', 'Autosomal dominant']	['HP:0000006']	['Definitive', 'Strong']	['Ambry Genetics', 'ClinGen', 'G2P', 'Labcorp Genetics (formerly Invitae)', 'PanelApp Australia']	[{'moi': 'AD', 'source': 'ClinGen', 'classification': 'Definitive', 'classification_scheme': 'ClinGen Gene-Disease Validity'}, {'moi': 'Autosomal dominant', 'source': 'Ambry Genetics', 'moi_curie': 'HP:0000006', 'classification': 'Strong', 'classification_scheme': 'GenCC gene-disease validity classification'}, {'moi': 'Autosomal dominant', 'source': 'G2P', 'moi_curie': 'HP:0000006', 'classification': 'Definitive', 'classification_scheme': 'GenCC gene-disease validity classification'}, {'moi': 'Autosomal dominant', 'source': 'Labcorp Genetics (formerly Invitae)', 'moi_curie': 'HP:0000006', 'classification': 'Strong', 'classification_scheme': 'GenCC gene-disease validity classification'}, {'moi': 'Autosomal dominant', 'source': 'PanelApp Australia', 'moi_curie': 'HP:0000006', 'classification': 'Strong', 'classification_scheme': 'GenCC gene-disease validity classification'}]	5
43162	TINF2	ENSG00000092330	HGNC:11824	MONDO:0009990	Revesz syndrome	[{'label': 'Decreased total neutrophil count', 'term_id': 'HP:0001875'}]	['Autosomal dominant']	['HP:0000006']	['Definitive', 'Strong']	['G2P', 'Orphanet', 'PanelApp Australia']	[{'source': 'Orphanet'}, {'moi': 'Autosomal dominant', 'source': 'G2P', 'moi_curie': 'HP:0000006', 'classification': 'Definitive', 'classification_scheme': 'GenCC gene-disease validity classification'}, {'moi': 'Autosomal dominant', 'source': 'PanelApp Australia', 'moi_curie': 'HP:0000006', 'classification': 'Strong', 'classification_scheme': 'GenCC gene-disease validity classification'}]	3
43217	TLR8	ENSG00000101916	HGNC:15632	MONDO:0024777	immunodeficiency 98 with autoinflammation, X-linked	[{'label': 'Decreased total neutrophil count', 'term_id': 'HP:0001875'}]	['Unknown', 'X-linked']	['HP:0000005', 'HP:0001417']	['Limited', 'Strong']	['Labcorp Genetics (formerly Invitae)', 'Orphanet', 'PanelApp Australia']	[{'source': 'Orphanet'}, {'moi': 'Unknown', 'source': 'Labcorp Genetics (formerly Invitae)', 'moi_curie': 'HP:0000005', 'classification': 'Limited', 'classification_scheme': 'GenCC gene-disease validity classification'}, {'moi': 'X-linked', 'source': 'PanelApp Australia', 'moi_curie': 'HP:0001417', 'classification': 'Strong', 'classification_scheme': 'GenCC gene-disease validity classification'}]	3
43835	TONSL	ENSG00000160949	HGNC:7801	MONDO:0010068	spondyloepimetaphyseal dysplasia, sponastrime type	[{'label': 'Decreased total neutrophil count', 'term_id': 'HP:0001875'}]	['Autosomal recessive']	['HP:0000007']	['Definitive', 'Strong']	['Ambry Genetics', 'G2P', 'Orphanet', 'PanelApp Australia']	[{'source': 'Orphanet'}, {'moi': 'Autosomal recessive', 'source': 'Ambry Genetics', 'moi_curie': 'HP:0000007', 'classification': 'Definitive', 'classification_scheme': 'GenCC gene-disease validity classification'}, {'moi': 'Autosomal recessive', 'source': 'G2P', 'moi_curie': 'HP:0000007', 'classification': 'Strong', 'classification_scheme': 'GenCC gene-disease validity classification'}, {'moi': 'Autosomal recessive', 'source': 'PanelApp Australia', 'moi_curie': 'HP:0000007', 'classification': 'Strong', 'classification_scheme': 'GenCC gene-disease validity classification'}]	4
43936	TPP2	ENSG00000134900	HGNC:12016	MONDO:0030971	immunodeficiency 78 with autoimmunity and developmental delay	[{'label': 'Autoimmune neutropenia', 'term_id': 'HP:0001904'}]	['AR', 'Autosomal recessive']	['HP:0000007']	['Definitive', 'Moderate', 'Strong']	['Ambry Genetics', 'ClinGen', 'G2P', 'Labcorp Genetics (formerly Invitae)', 'PanelApp Australia']	[{'moi': 'AR', 'source': 'ClinGen', 'classification': 'Definitive', 'classification_scheme': 'ClinGen Gene-Disease Validity'}, {'moi': 'Autosomal recessive', 'source': 'Ambry Genetics', 'moi_curie': 'HP:0000007', 'classification': 'Moderate', 'classification_scheme': 'GenCC gene-disease validity classification'}, {'moi': 'Autosomal recessive', 'source': 'G2P', 'moi_curie': 'HP:0000007', 'classification': 'Definitive', 'classification_scheme': 'GenCC gene-disease validity classification'}, {'moi': 'Autosomal recessive', 'source': 'Labcorp Genetics (formerly Invitae)', 'moi_curie': 'HP:0000007', 'classification': 'Strong', 'classification_scheme': 'GenCC gene-disease validity classification'}, {'moi': 'Autosomal recessive', 'source': 'PanelApp Australia', 'moi_curie': 'HP:0000007', 'classification': 'Strong', 'classification_scheme': 'GenCC gene-disease validity classification'}]	5
44053	TRAC	ENSG00000277734	HGNC:12029	MONDO:0014160	TCR-alpha-beta-positive T-cell deficiency	[{'label': 'Decreased total neutrophil count', 'term_id': 'HP:0001875'}]	['AR', 'Autosomal recessive', 'Unknown']	['HP:0000005', 'HP:0000007']	['Limited', 'Moderate']	['ClinGen', 'Labcorp Genetics (formerly Invitae)', 'Orphanet', 'PanelApp Australia']	[{'source': 'Orphanet'}, {'moi': 'AR', 'source': 'ClinGen', 'classification': 'Moderate', 'classification_scheme': 'ClinGen Gene-Disease Validity'}, {'moi': 'Autosomal recessive', 'source': 'PanelApp Australia', 'moi_curie': 'HP:0000007', 'classification': 'Moderate', 'classification_scheme': 'GenCC gene-disease validity classification'}, {'moi': 'Unknown', 'source': 'Labcorp Genetics (formerly Invitae)', 'moi_curie': 'HP:0000005', 'classification': 'Limited', 'classification_scheme': 'GenCC gene-disease validity classification'}]	4
46040	USB1	ENSG00000103005	HGNC:25792	MONDO:0011405	poikiloderma with neutropenia	[{'label': 'Decreased total neutrophil count', 'term_id': 'HP:0001875'}]	['Autosomal recessive']	['HP:0000007']	['Definitive', 'Strong']	['G2P', 'Labcorp Genetics (formerly Invitae)', 'Orphanet', 'PanelApp Australia']	[{'source': 'Orphanet'}, {'moi': 'Autosomal recessive', 'source': 'G2P', 'moi_curie': 'HP:0000007', 'classification': 'Definitive', 'classification_scheme': 'GenCC gene-disease validity classification'}, {'moi': 'Autosomal recessive', 'source': 'Labcorp Genetics (formerly Invitae)', 'moi_curie': 'HP:0000007', 'classification': 'Strong', 'classification_scheme': 'GenCC gene-disease validity classification'}, {'moi': 'Autosomal recessive', 'source': 'PanelApp Australia', 'moi_curie': 'HP:0000007', 'classification': 'Strong', 'classification_scheme': 'GenCC gene-disease validity classification'}]	4
46500	VPS13B	ENSG00000132549	HGNC:2183	MONDO:0008999	Cohen syndrome	[{'label': 'Decreased total neutrophil count', 'term_id': 'HP:0001875'}]	['AR', 'Autosomal recessive']	['HP:0000007']	['Definitive', 'Strong']	"['ClinGen', 'G2P', 'Genomics England PanelApp', 'Labcorp Genetics (formerly Invitae)', 'Laboratory for Molecular Medicine', ""Myriad Women's Health"", 'Natera', 'Orphanet', 'PanelApp Australia']"	"[{'source': 'Orphanet'}, {'moi': 'AR', 'source': 'ClinGen', 'classification': 'Definitive', 'classification_scheme': 'ClinGen Gene-Disease Validity'}, {'moi': 'Autosomal recessive', 'source': 'G2P', 'moi_curie': 'HP:0000007', 'classification': 'Definitive', 'classification_scheme': 'GenCC gene-disease validity classification'}, {'moi': 'Autosomal recessive', 'source': 'Genomics England PanelApp', 'moi_curie': 'HP:0000007', 'classification': 'Strong', 'classification_scheme': 'GenCC gene-disease validity classification'}, {'moi': 'Autosomal recessive', 'source': 'Labcorp Genetics (formerly Invitae)', 'moi_curie': 'HP:0000007', 'classification': 'Strong', 'classification_scheme': 'GenCC gene-disease validity classification'}, {'moi': 'Autosomal recessive', 'source': 'Laboratory for Molecular Medicine', 'moi_curie': 'HP:0000007', 'classification': 'Definitive', 'classification_scheme': 'GenCC gene-disease validity classification'}, {'moi': 'Autosomal recessive', 'source': ""Myriad Women's Health"", 'moi_curie': 'HP:0000007', 'classification': 'Definitive', 'classification_scheme': 'GenCC gene-disease validity classification'}, {'moi': 'Autosomal recessive', 'source': 'Natera', 'moi_curie': 'HP:0000007', 'classification': 'Definitive', 'classification_scheme': 'GenCC gene-disease validity classification'}, {'moi': 'Autosomal recessive', 'source': 'PanelApp Australia', 'moi_curie': 'HP:0000007', 'classification': 'Strong', 'classification_scheme': 'GenCC gene-disease validity classification'}]"	9
46517	VPS33A	ENSG00000139719	HGNC:18179	MONDO:0015012	mucopolysaccharidosis-plus syndrome	[{'label': 'Decreased total neutrophil count', 'term_id': 'HP:0001875'}]	['AR', 'Autosomal recessive']	['HP:0000007']	['Limited', 'Moderate', 'Strong']	['Ambry Genetics', 'ClinGen', 'Genomics England PanelApp', 'Labcorp Genetics (formerly Invitae)', 'Orphanet', 'PanelApp Australia']	[{'source': 'Orphanet'}, {'moi': 'AR', 'source': 'ClinGen', 'classification': 'Moderate', 'classification_scheme': 'ClinGen Gene-Disease Validity'}, {'moi': 'Autosomal recessive', 'source': 'Ambry Genetics', 'moi_curie': 'HP:0000007', 'classification': 'Limited', 'classification_scheme': 'GenCC gene-disease validity classification'}, {'moi': 'Autosomal recessive', 'source': 'Genomics England PanelApp', 'moi_curie': 'HP:0000007', 'classification': 'Moderate', 'classification_scheme': 'GenCC gene-disease validity classification'}, {'moi': 'Autosomal recessive', 'source': 'Labcorp Genetics (formerly Invitae)', 'moi_curie': 'HP:0000007', 'classification': 'Strong', 'classification_scheme': 'GenCC gene-disease validity classification'}, {'moi': 'Autosomal recessive', 'source': 'PanelApp Australia', 'moi_curie': 'HP:0000007', 'classification': 'Strong', 'classification_scheme': 'GenCC gene-disease validity classification'}]	6
46531	VPS45	ENSG00000136631	HGNC:14579	MONDO:0014118	congenital neutropenia-myelofibrosis-nephromegaly syndrome	[{'label': 'Decreased total neutrophil count', 'term_id': 'HP:0001875'}]	['Autosomal recessive']	['HP:0000007']	['Moderate', 'Strong']	['Labcorp Genetics (formerly Invitae)', 'Natera', 'Orphanet', 'PanelApp Australia']	[{'source': 'Orphanet'}, {'moi': 'Autosomal recessive', 'source': 'Labcorp Genetics (formerly Invitae)', 'moi_curie': 'HP:0000007', 'classification': 'Strong', 'classification_scheme': 'GenCC gene-disease validity classification'}, {'moi': 'Autosomal recessive', 'source': 'Natera', 'moi_curie': 'HP:0000007', 'classification': 'Moderate', 'classification_scheme': 'GenCC gene-disease validity classification'}, {'moi': 'Autosomal recessive', 'source': 'PanelApp Australia', 'moi_curie': 'HP:0000007', 'classification': 'Strong', 'classification_scheme': 'GenCC gene-disease validity classification'}]	4
46634	WAS	ENSG00000015285	HGNC:12731	MONDO:0010294	X-linked severe congenital neutropenia	[{'label': 'Decreased total neutrophil count', 'term_id': 'HP:0001875'}]	['XL', 'X-linked']	['HP:0001417']	['Definitive', 'Moderate', 'Strong']	['Ambry Genetics', 'ClinGen', 'Labcorp Genetics (formerly Invitae)', 'Orphanet', 'PanelApp Australia']	[{'source': 'Orphanet'}, {'moi': 'XL', 'source': 'ClinGen', 'classification': 'Definitive', 'classification_scheme': 'ClinGen Gene-Disease Validity'}, {'moi': 'X-linked', 'source': 'Ambry Genetics', 'moi_curie': 'HP:0001417', 'classification': 'Moderate', 'classification_scheme': 'GenCC gene-disease validity classification'}, {'moi': 'X-linked', 'source': 'Labcorp Genetics (formerly Invitae)', 'moi_curie': 'HP:0001417', 'classification': 'Strong', 'classification_scheme': 'GenCC gene-disease validity classification'}, {'moi': 'X-linked', 'source': 'PanelApp Australia', 'moi_curie': 'HP:0001417', 'classification': 'Strong', 'classification_scheme': 'GenCC gene-disease validity classification'}]	5
46698	WDR1	ENSG00000071127	HGNC:12754	MONDO:0007883	periodic fever, immunodeficiency, and thrombocytopenia syndrome	[{'label': 'Decreased total neutrophil count', 'term_id': 'HP:0001875'}]	['Autosomal recessive']	['HP:0000007']	['Strong']	['Orphanet', 'PanelApp Australia']	[{'source': 'Orphanet'}, {'moi': 'Autosomal recessive', 'source': 'PanelApp Australia', 'moi_curie': 'HP:0000007', 'classification': 'Strong', 'classification_scheme': 'GenCC gene-disease validity classification'}]	2
